地名/古,地名/今,属国/地名,疆域面积,到达时间,停留时间,离开时间,经历,名胜古迹,特色物产,文字/语言,宗教信仰,宗教场所,僧徒,货币,风俗习惯,地貌,气候,传说
阿耆尼国,新疆焉耆,,东西六百多里，南北四百多里,630,,630,,,宜穈，黍，宿麦，香枣，蒲萄，梨，柰,印度语,小乘佛教,伽蓝十余所,二千余人,金钱，银钱，小铜钱,风俗质直，服饰毡褐，断发无,西面据山，道险易守，泉流交带,气序和畅,
屈支国,新疆库车,,东西千余里，南北六百余里,630,,630,,大龙池，昭怙厘二伽蓝，大会场，阿奢理贰伽蓝,宜穈，麦，有粳稻，出蒲萄，石榴，多梨，柰，桃，杏，土产黄金，铜，铁，铅，锡，,印度语,小乘佛教,伽蓝百余所,五千余人,金钱，银钱，小铜钱,风俗质，管弦伎乐，特善诸国，服饰锦褐，断发巾帽，其俗生子以木押头，欲其匾〈匚虒〉也,,气序和,1、大龙池及金花王 国东境城北天祠前，有大龙池。诸龙易形，交合牝马，遂生龙驹，忄龙戾难驭。龙驹之子，方乃驯驾，所以此国多出善马。闻之先志曰：近代有王，号曰金花，政教明察，感龙驭乘。王欲终没，鞭触其耳，因即潜隐，以至于今。城中无井，取汲池水。龙变为人，与诸妇会，生子骁勇，走及奔马。如是渐染，人皆龙种，恃力作威，不恭王命。王乃引构突阙，杀此城人，少长俱戮，略无噍类。城今荒芜，人烟断绝。2、昭怙厘二伽蓝  荒城北四十余里，接山阿，隔一河水，有二伽蓝，同名昭怙厘，而东西随称。佛像装饰，殆越人工。僧徒清肃，诚为勤励。东昭怙厘佛堂中有玉石，面广二尺余，色带黄白，状如海蛤。其上有佛足履之迹，长尺有八寸，广余六寸矣。或有斋日，照烛光明。3、大会场  大城西门外，路左右各有立佛像，高九十余尺。于此像前，建五年一大会处。每岁秋分数十日间，举国僧徒皆来会集。上自君王，下至士庶，捐废俗务，奉持斋戒，受经听法，渴日忘疲。诸僧伽蓝庄严佛像，莹以珍宝，饰之锦绮，载诸辇舆，谓之行像，动以千数，云集会所。常以月十五日晦日，国王大臣谋议国事，访及高僧，然后宣布。4、阿奢理贰伽蓝及其传说  会场西北，渡河至阿奢理贰伽蓝。(唐言奇特。)庭宇显敞，佛像工饰。僧徒肃穆，精勤匪怠，并是耆艾宿德，硕学高才，远方俊彦，慕义至止。国王、大臣、士庶、豪右四事供养，久而弥敬。闻之先志曰：昔此国先王崇敬三宝，将欲游方观礼圣迹，乃命母弟摄知留事。其弟受命，窃自割势，防未萌也。封之金函，持以上王。王曰：“斯何谓也？”对曰：“回驾之日，乃可开发。”即付执事，随军掌护。王之还也，果有构祸者曰：“王令监国，淫乱中宫。”王闻震怒，欲置严刑。弟曰：“不敢逃责，愿开金函。”王遂发而视之，乃断势也。曰：“斯何异物？欲何发明？”对曰：“王昔游方，命知留事，惧有谗祸，割势自明。今果有征，愿垂照览。”王深敬异，情爱弥隆，出入后庭，无所禁碍。王弟于后行，遇一夫拥五百牛，欲事刑腐。见而惟念，引类增怀：“我今形亏，岂非宿业？”即以财宝赎此群牛。以慈善力，男形渐具。以形具故，遂不入宫。王怪而问之，乃陈其始末。王以为奇特也，遂建伽蓝，式旌美迹，传芳后叶。
跋禄迦国,新疆阿克苏,,东西六百余里，南北三百余里,630,,630,,,宜穈，麦，有粳稻，出蒲萄，石榴，多梨，柰，桃，杏，土产黄金，铜，铁，铅，锡，细毡细褐，邻国所重，,,,,,金钱，银钱，小铜钱,风俗质，管弦伎乐，特善诸国，服饰锦褐，断发巾帽，其俗生子以木押头，欲其匾〈匚虒〉也,,气序和,
凌山,新疆勃达岭,,,630,,630,,,,,,,,,,葱岭北原，水多东流矣，寒风惨烈，多暴龙，难凌犯，暴风奋发，飞沙雨石,山谷积雪，春夏合冻，虽时消泮，寻复结冰，,1、行人由此路者，不得赭衣持瓠大声叫唤
大清池,伊塞克湖,,周千余里,630,,630,,,,,,,,,,东西广，南北狭,,1、龙鱼杂处，灵怪间起，所以往来行旅，祷以祈福，水族虽多，莫敢渔捕
素叶水城,吉尔吉斯斯坦共和国阿克贝欣,突厥,城周六七里,630,,630,,,宜糜，麦，蒲萄，林树稀疏，,,,,,,人衣毡褐,,气序风寒,
千泉,吉尔吉斯 Merke,突厥/窣利,方二百余里,630,,630,,,,,,,,,,南面雪山，三陲平陆，水土沃润，林树扶疏，暮春之月，杂花若绮，泉池千所，故以名焉,,1、突厥可汗每来避暑，中有群鹿，多饰铃环，驯狎于人，不甚惊走，可汗爱赏，下命群属：“敢加杀害，有诛无赦，”故此群鹿，得终其寿
呾逻私城,哈萨克斯坦共和国江布尔城,突厥/窣利,小孤城,630,,630,,,,,,,,,,,气序风寒,
小孤城,,突厥/窣利,,630,,630,,,,中文,,,,,衣裳去就，遂同突厥，言辞仪范，犹存本国,,,1、本中国人也，昔为突厥所掠，后遂鸠集同国，共保此城，于中宅居
白水城,塔什干地区东北,,城周六七里,630,,630,,,,,,,,,,土地所产，风气所宜，逾胜呾逻私,土地所产，风气所宜，逾胜呾逻私，,
恭御城,锡尔河支流Chirchik河和Angren河流域,,城周五六里,630,,630,,,原隰膏腴，树木蓊郁,,,,,,,,,
笯赤建国,塔什干地区汗阿巴德,,周千余里,630,,630,,,地沃壤，备稼穑，草木郁茂，华果繁盛，多蒲萄，亦所贵也,,,,,,城邑百数，各别君长，进止往来，不相禀命，虽则画野区分，总称笯赤建国,,,
赭时国,锡尔河支流奇尔奇克河流域,突厥,周千余里,630,,630,,,地沃壤，备稼穑，草木郁茂，华果繁盛，多蒲萄，亦所贵也,,,,,,城邑数十，名别君长，既无总主，役属突厥,西临叶河，东西狭，南北长,,
忄市捍国,费尔干那盆地,,周四千余里,630,,630,,,土地膏腴，稼穑滋盛，多花果，宜羊马,,,,,,人性刚勇，语异诸国，形貌丑弊，自数十年，无大君长，酋豪力竞，不相宾伏，依川据险，画野分都,山周四境,气序风寒,
窣堵利瑟那国,塔吉克斯坦共和国沙赫里斯坦,突厥,周千四五百里,630,,630,,,地沃壤，备稼穑，草木郁茂，华果繁盛，多蒲萄，亦所贵也,,,,,,,东临叶河，叶河出葱岭北原，西北而流，浩汗浑浊，汩淴漂急,,
大沙碛,撒马尔罕北邻Afrasiab,,,630,,630,望大山，寻遗骨，以知所指，以记经途,,,,,,,,,绝无水草，途路弥漫，疆境难测,,
飒秣建国,撒马尔罕东南 麻坚,,周千六七百里,630,,630,,,土地沃壤，稼穑备植，林树蓊郁，花果滋茂，多出善马，机巧之技，特工诸国,,,,,,风俗猛烈，凡诸胡国，此为其中，进止威仪，近远取则，其王豪勇，邻国承命，兵马强盛，多是赭羯，赭羯之人，其性勇烈，视死如归，战无前敌,,气序和畅,
弭秣贺国,Gubdan,,周四五百里,630,,630,,,土地沃壤，稼穑备植，林树蓊郁，花果滋茂，多出善马，机巧之技，特工诸国,,,,,,风俗猛烈,据川中，东西狭，南北长,气序和畅,
劫布呾那国,Kharghan,,周千四五百里,630,,630,,,土地沃壤，稼穑备植，林树蓊郁，花果滋茂，多出善马，机巧之技，特工诸国,,,,,,风俗猛烈,东西长，南北狭，,气序和畅,
屈霜你迦国,撒马尔罕西北 Peishimbe,,周千四五百里,630,,630,,,土地沃壤，稼穑备植，林树蓊郁，花果滋茂，多出善马，机巧之技，特工诸国,,,,,,风俗猛烈,东西狭，南北长，,气序和畅,
喝捍国,Kerminch,,周千余里,630,,630,,,土地沃壤，稼穑备植，林树蓊郁，花果滋茂，多出善马，机巧之技，特工诸国,,,,,,风俗猛烈,,气序和畅,
捕喝国,布哈拉,,周千六七百里,630,,630,,,土地沃壤，稼穑备植，林树蓊郁，花果滋茂，多出善马，机巧之技，特工诸国,,,,,,风俗猛烈,东西长，南北狭,气序和畅,
伐地国,阿姆河右岸Betik,,周四百余里,630,,630,,,土地沃壤，稼穑备植，林树蓊郁，花果滋茂，多出善马，机巧之技，特工诸国,,,,,,风俗猛烈,,气序和畅,
货利习弥伽国,阿姆河下游,,东西二三十里，南北五百余里,630,,630,,,土地沃壤，稼穑备植，林树蓊郁，花果滋茂，多出善马，机巧之技，特工诸国,,,,,,风俗猛烈,,气序和畅,
羯霜那国,撒马尔罕西南,,周千四五百里,630,,630,,,土地沃壤，稼穑备植，林树蓊郁，花果滋茂，多出善马，机巧之技，特工诸国,,,,,,风俗猛烈,,气序和畅,
铁门,乌兹别克斯坦共和国南部达尔本特西,,,630,,630,,,,,,,,,,左右带山，山极峭峻，虽有狭径，加之险阻，两傍石壁，其色如铁,,1、既设门扉，又以铁锢，多有铁铃，悬诸户扇，因其险固，遂以为名
呾蜜国,阿姆河北岸铁尔梅兹,,东西六百余里，南北四百余里,630,,630,,,,,,伽蓝十余所,僧徒千余人,,,东西长，南北狭,,1、诸窣堵波(即旧所谓浮图也，又曰鍮婆，又曰私鍮簸，又曰薮斗波，皆讹也，)及佛尊像，多神异，有灵鉴
赤鄂衍那国,塔吉克斯坦共和国杜尚别稍西,,东西四百余里，南北五百余里,630,,630,,,,,,伽蓝五所,僧徒鲜少,,,,,
忽露摩国,杜尚别附近,突厥,东西百余里，南北三百余里,630,,630,,,,,,伽蓝二所,僧徒寡少,,,,,
鞠和衍那国,塔吉克斯坦卡巴第安,,东西二百余里，南北三百余里,630,,630,,,,,,伽蓝三所,僧徒百余人,,,,,
镬沙国,塔吉克斯坦库尔干秋别之北,,东西三百余里，南北五百余里,630,,630,,,,,,,,,,,,
珂咄罗国,库尔干秋别东北,,东西千余里，南北千余里,630,,630,,,,,,,,,,,,
拘谜陁国,苏尔霍勃河,,东西二千余里，南北二百余里,630,,630,,,,,,,,,,据大葱岭中，西南邻缚刍河,,
缚伽浪国,阿富汗巴格兰,,东西五十余里，南北二百余里,630,,630,,,,,,,,,,,,
纥露悉泯健国,阿富汗艾巴克,,周千余里,630,,630,,,,,,,,,,,,
忽懔国,阿富汗塔什库尔干城,,周八百余里,630,,630,,,,,,伽蓝十余所,僧徒五百余人,,,,,
缚喝国,阿富汗巴里赫,,东西八百余里，南北四百余里,630,,630,,纳缚僧伽蓝，佛塔,土地所产，物类尤多，水陆诸花，难以备举,,小乘法教,伽蓝百有余所,伽蓝百有余所,,,北临缚刍河,,1、纳缚僧伽蓝  城外西南有纳缚(唐言新。)僧伽蓝，此国先王之所建也。大雪山北作论诸师，惟此伽蓝美业不替。其佛像莹以名珍，堂宇乃饰之奇宝，故诸国君长利之以攻劫。此伽蓝素有毗沙门天像，灵鉴可恃，冥加守卫。近突厥叶护可汗子肆叶护可汗，倾其部落，率其戎旅，奄袭伽蓝，欲图珍宝。去此不远，屯军野火。其夜梦见毗沙门天曰：“汝有何力，敢坏伽蓝？”因以长戟贯彻胸背。可汗惊悟，便苦心痛，遂告群属所梦咎征，驰请众僧，方伸忏谢，未及返命，已从殒殁。伽蓝内南佛堂中有佛澡罐，量可斗余，杂色炫耀，金石难名。又有佛牙，其长寸余，广八九分，色黄白，质光净。又有佛扫帚，迦奢草作也，长馀二尺，围可七寸，其把以杂宝饰之。凡此三物，每至六斋，法侣咸会，陈设供养，至诚所感，或放光明。伽蓝北有窣堵波，高二百余尺，金刚泥涂，众宝厕饰。中有舍利，时烛灵光。伽蓝西南有一精庐，建立以来，多历年所。远方辐凑，高才类聚，证四果者，难以详举。故诸罗汉将入涅槃，示现神通，众所知识，乃有建立，诸窣堵波基迹相邻，数百余矣。虽证圣果，终无神变，盖亦千计，不树封记。今僧徒百余人，夙夜匪懈，凡圣难测。2、提谓城及波利城   大城西北五十余里，至提谓城。城北四十余里有波利城。城中各有一窣堵波，高余三丈。昔者如来初证佛果，起菩提树，方诣鹿园。时二长者遇被威光，随其行路之资，遂献麨蜜，世尊为说人天之福，最初得闻五戒十善也。既闻法诲，请所供养，如来遂授其发、爪焉。二长者将还本国，请礼敬之仪式。如来以僧伽胝(旧曰僧祇梨，讹也。)方叠布下，次郁多罗僧，次僧却崎，(旧曰僧祇支，讹也。)又覆钵竖锡杖，如是次第为窣堵波。二人承命，各还其城，拟仪圣旨，式修崇建，斯则释迦法中最初窣堵波也。城西七十余里有窣堵波，高余二丈，昔迦叶波佛时之所建也。
锐秣陁国,阿富汗波尔克,,东西五六十里，南北百余里,630,,630,,,,,,,,,,,,
胡寔健国,阿富汗席巴尔干以南,,东西五百余里，南北千余里,630,,630,,,出善马,,,,,,,多山川,,
呾剌健国,阿富汗昆都士以东,,东西五百余里，南北五六十里,630,,630,,,,,,,,,,,,
揭职国,阿富汗加里兹谷,,东西五百余里，南北三百余里,630,,630,,,土地硗确，陵阜连属，少花果，多菽，麦,,小乘教说一切有部,伽蓝十余所,僧徒三百余人,,风俗刚猛,,气序寒烈,
大雪山,,,,630,,630,,,,,,,,,山神鬼魅，暴纵妖祟，群盗横行，杀害为务,山谷高深，峰岩危险，蹊径难涉,风雪相继，盛夏合冻，积雪弥谷,
梵衍那国,阿富汗巴米扬,,东西二千余里，南北三百余里,630,,630,,大立佛及卧佛像，小川泽僧伽蓝,有宿麦，少花果，宜畜牧，多羊马,字源二十五言，转而相生，用之备物，,小乘说出世部,伽蓝数十所,僧徒数千人,货用金，银等钱，模样异于诸国,风俗刚犷，多衣皮褐，亦其所宜，淳信之心，特甚邻国，上自三宝，下至百神，莫不输诚，竭心宗敬，商估往来者，天神现征祥，示祟变，求福德,在雪山之中也，人依山谷，逐势邑居,气序寒烈，,1、大立佛及卧佛像 王城东北山阿有石佛立像，高百四五十尺，金色晃曜，宝饰焕烂。东有伽蓝，此国先王之所建也。伽蓝东有鍮石释迦佛立像，高百余尺，分身别铸，总合成立。城东二三里伽蓝中有佛入涅槃卧像，长千余尺。其王每此设无遮大会，上自妻子，下至国珍，府库既倾，复以身施，群官僚佐就僧酬赎，若此者以为所务矣 2、小川泽僧伽蓝 卧像伽蓝东南行二百余里，度大雪山，东至小川泽，泉池澄镜，林树青葱。有僧伽蓝，中有佛齿及劫初时独觉齿，长余五寸，广减四寸。复有金轮王齿，长三寸，广二寸；商诺迦缚娑(旧曰商那和修，讹也。)大阿罗汉所持铁钵，量可八九升。凡三贤圣遗物，并以黄金缄封。又有商诺迦缚娑九条僧伽胝衣，绛赤色，设诺迦草皮之所绩成也。商诺迦缚娑者，阿难弟子也，在先身中，以设诺迦草衣，于解安居日持施众僧。承兹福力，于五百身中阴、生阴恒服此衣。以最后身，从胎俱出，身既渐长，衣亦随广。及阿难之度出家也，其衣变为法服；及受具戒，更变为九条僧伽胝。将证寂灭，入边际定，发智愿力，留此袈裟，尽释迦遗法，法尽之后，方乃变坏。今已少损，信有征矣。从此东行入雪山，逾越黑岭，至迦毕试国。
迦毕试国,阿富汗喀布尔河流域,,四千余里,630,,630,,曷逻怙罗僧伽蓝，旧王寺及旧王妃寺，象坚塔,宜谷麦，多果木，出善马，郁金香，异方奇货，多聚此国,字源二十五言，转而相生，用之备物，,大乘法教,伽蓝百余所，天祠数十所,僧徒六千余人，异道千余人,货用金钱，银钱及小铜钱，规矩模样异于诸国,人性暴犷，言辞鄙亵，婚姻杂乱，服用毛氎，衣兼皮褐,北背雪山，三陲黑岭,气序风寒,1、质子伽蓝  大城东三四里，北山下有大伽蓝，僧徒三百余人，并学小乘法教。闻之先志曰：昔健驮逻国迦腻色迦王威被邻国，化洽远方，治兵广地，至葱岭东，河西蕃维畏威送质。迦腻色迦王既得质子，特加礼命，寒暑改馆，冬居印度诸国，夏还迦毕试国，春、秋止健驮逻国。故质子三时住处，各建伽蓝。今此伽蓝，即夏居之所健也。故诸屋壁，图画质子，容貌服饰，颇同中夏。其后得还本国，心存故居，虽阻山川，不替供养。故今僧众，每至入安居、解安居，大兴法会，为诸质子祈福树善，相继不绝，以至于今。伽蓝佛院东门南大神王像右足下，坎地藏宝，质子之所藏也。故其铭曰：“伽蓝朽坏，取以修治。”近有边王贪婪凶暴，闻此伽蓝多藏珍宝，驱逐僧徒。方事发掘，神王冠中鹦鹉鸟像乃奋羽惊鸣，地为震动，王及军人僻易僵仆，久而得起，谢咎以归。伽蓝北岭上有数石室，质子习定之处也。其中多藏杂宝，其侧有铭，药叉守卫。有欲开发取中宝者，此药叉神变现异形，或作师子，或作蟒蛇、猛兽、毒虫，殊形震怒，以故无人敢得攻发。石室西二三里大山岭上，有观自在菩萨像。有人至诚愿见者，菩萨从其像中出妙色身，安慰行者。 2、曷逻怙罗僧伽蓝 大城东南三十余里，至曷逻怙罗僧伽蓝。傍有窣堵波，高有余尺，或至斋日，时烛光明。覆钵势上石隙间流出黑香油，静夜中时闻音乐之声。闻诸先志曰：昔此国大臣曷逻怙罗之所建也。功既成已，于夜梦中有人告曰：“汝所建立窣堵波未有舍利，明旦有献上者，宜从王请。”旦入朝进请曰：“不量庸昧，敢有愿求。”王曰：“夫何所欲？”对曰：“今日有先献者，愿垂恩赐。”王曰：“然。”曷逻怙罗伫立宫门，瞻望所至。俄有一人持舍利瓶，大臣问曰：“欲何献上？”曰：“佛舍利。”大臣曰：“吾为尔守，宜先白王。”曷逻怙罗恐王珍贵舍利，追悔前恩，疾往伽蓝，登窣堵波，至诚所感，其石覆钵自开，安置舍利，已而疾出，尚拘衣襟。王使逐之，石已掩矣。故其隙间，流黑香油 3、霫蔽多伐剌祠城及阿路猱山 城南四十余里至霫(胥立反。)蔽多伐剌祠城。凡地大震，山崖崩坠，周此城界，无所动摇。霫蔽多伐剌祠城南三十余里，至阿路猱(奴高反。)山，崖岭峭峻，岩谷杳冥。其峰每岁增高数百尺，与漕矩吒国〈禾刍〉(士句反。下同。)那呬罗山仿佛相望，便即崩坠。”闻诸土俗曰：“初，〈禾刍〉那天神自远而至，欲止此山。山神震恐，摇荡谿谷。天神曰：“不欲相舍，故此倾动，少垂宾主，当盈财宝。吾今往漕矩吒国〈禾刍〉那呬罗山，每岁至我受国王、大臣祀献之时，宜相属望。”故阿路猱山增高既已，寻即崩坠。4、大雪山龙池及其传说  王城西北二百余里，至大雪山。山顶有池，请雨祈晴，随求果愿。闻之先志曰：“昔健驮逻国有阿罗汉，常受此池龙王供养，每至中食，以神通力，并坐绳床，凌虚而往。侍者沙弥密于绳床之下攀缘潜隐，而阿罗汉时至便往，至龙宫乃见沙弥，龙王因请留食。龙王以天甘露饭阿罗汉，以人间味而馔沙弥。阿罗汉饭食已讫，便为龙王说诸法要。沙弥如常为师涤器，器有余粒，骇其香味，即起恶愿，恨师忿龙：“愿诸福力，于今悉现，断此龙命，我自为王。”沙弥发是愿时，龙王已觉头痛矣。罗汉说法诲谕，龙王谢咎责躬。沙弥怀忿，未从悔谢。既还伽蓝，至诚发愿，福力所致，是夜命终，为大龙王，威猛奋战。遂来入池，杀龙王，居龙宫，有其部属，总其统命。以宿愿故，兴暴风雨，摧拔树林，欲坏伽蓝。时迦腻色迦王怪而发问，其阿罗汉具以白王。王即为龙于雪山下立僧伽蓝，建窣堵波，高百余尺。龙怀宿忿，遂发风雨。王以弘济为心，龙乘瞋毒作暴，僧伽蓝、窣堵波六坏七成。迦腻色迦王耻功不成，欲填龙池，毁其居室，即兴兵众，至雪山下。时彼龙王深怀震惧，变作老婆罗门，叩王象而谏曰：“大王宿植善本，多种胜因，得为人王，无思不服。今日何故与龙交争？夫龙者畜也，卑下恶类，然有大威，不可力竞。乘云驭风，蹈虚履水，非人力所制，岂王心所怒哉？王今举国兴兵，与一龙斗，胜则王无服远之威，败则王有非敌之耻。为王计者，宜可归兵。”迦腻色迦王未之从也。龙即还池，声震雷动，暴风拔木，沙石如雨，云雾晦冥，军马惊骇。王乃归命三宝，请求加护，曰：“宿殖多福，得为人王，威慑强敌，统赡部洲，今为龙畜所屈，诚乃我之薄福也。愿诸福力，于今现前。”即于两肩起大烟焰，龙退风静，雾卷云开。王令军众人担一石，用填龙池。龙王还作婆罗门，重请王曰：“我是彼池龙王，惧威归命。惟王悲愍，赦其前过。王以含育，覆焘生灵，如何于我独加恶害？王若杀我，我之与王俱堕恶道，王有断命之罪，我怀怨仇之心。业报皎然，善恶明矣。”王遂与龙明设要契，后更有犯，必不相赦。龙曰：“我以恶业，受身为龙，龙性猛恶，不能自持，瞋心或起，当忘所制。王今更立伽蓝，不敢摧毁。每遣一人候望山岭，黑云若起，急击犍槌，我闻其声，恶心当息。”其王于是更修伽蓝，建窣堵波，候望云气，于今不绝。闻诸先志曰：窣堵波中有如来骨肉舍利，可一升余，神变之事，难以详述。一时中窣堵波内忽有烟起，少间便出猛焰，时人谓窣堵波已从火烬。瞻仰良久，火灭烟消，乃见舍利如白珠幡，循环表柱，宛转而上，升高去际，萦旋而下。5、旧王及旧王妃伽蓝 王城西北大河南岸旧王伽蓝内，有释迦菩萨弱龄龀齿，长余一寸。其伽蓝东南有一伽蓝，亦名旧王，有如来顶骨一片，面广寸余，其色黄白，发孔分明。又有如来发，发色青绀，螺旋右萦，引长尺馀，卷可半寸。凡此三事，每至六斋，王及大臣散花供养。顶骨伽蓝西南，有旧王妃伽蓝，中有金铜窣堵波，高百余尺。闻诸土俗曰：“其窣堵波中有佛舍利升余，每月十五日，其夜便放圆光，烛耀露盘，联晖达曙，其光渐敛，入窣堵波。6、比罗娑洛山及龙泉 城西南有比罗娑洛山。(唐言象坚。)山神作象形，故曰象坚也。昔如来在世，象坚神奉请世尊及千二百大阿罗汉。山颠有大磐石，如来即之，受神供养。其后无忧王即磐石上起窣堵波，高百余尺，今人谓之象坚窣堵波也。亦云中有如来舍利，可一升余。象坚窣堵波北山岩下有一龙泉，是如来受神饭已，及阿罗汉于中漱口嚼杨枝，因即种根，今为茂林。后人于此建立伽蓝，名鞞铎佉。(唐言嚼杨枝也。)
滥波国,阿富汗拉格曼,迦毕试国,国周千余里,631,,631,,,宜粳稻，多甘蔗，林树虽众，果实乃少,,大乘法教,伽蓝十余所，天祠数十,僧徒寡少，异道甚多,,国俗丰乐，人尚歌咏，志性怯弱，情怀诡诈，更相欺诮，未有推先，体貌卑小，动止轻躁，多衣白氎，所服鲜饰,北背雪山，三垂黑岭,气序渐温，微霜无雪，,
那揭罗曷国,阿富汗贾拉拉巴德,迦毕试国,东西六百余里，南北二百五六十里,631,,631,,窣堵波，大窣诸波故基，小石岭佛影窟,丰谷稼，多花果,,,伽蓝多，天祠五所,僧徒寡少，异道百余人,,风俗淳质，猛锐骁雄，轻财好学，崇敬佛法，少信异道,山周四境，悬隔危险,气序温暑,1、城附近诸遗迹 城东二里有窣堵波，高三百余尺，无忧王之所建也。编石特起，刻雕奇制，释迦菩萨值然灯佛敷鹿皮衣布发掩泥得受记处。时经劫坏，斯迹无泯。或有斋日，天雨众花，群黎心竞，式修供养。其西伽蓝，少有僧徒。次南小窣堵波，是昔掩泥之地，无忧王避大路，遂僻建焉。城内有大窣诸波故基。闻诸先志曰：昔有佛齿，高广严丽。今既无齿，唯余故基。其侧有窣堵波，高三十余尺。彼欲相传，不知源起，云从空下，峙基于此。既非人工，实多灵瑞。城西南十余里有窣堵波，是如来自中印度凌虚游化，降迹于此，国人感慕，建此灵基。其东不远有窣堵波，是释迦菩萨昔值然灯佛于此买花。2、小石岭佛影窟 城西南二十余里至小石岭，有伽蓝，高堂重阁，积石所成。庭宇寂寥，绝无僧侣。中有窣堵波，高二百余尺，无忧王之所建也。伽蓝西南，深涧峭绝，瀑布飞流，悬崖壁立。东岸石壁有大洞穴，瞿波罗龙之所居也。门径狭小，窟穴冥暗，崖石津滴，蹊径余流。昔有佛影，焕若真容，相好具足，俨然如在。近代已来，人不遍睹，纵有所见，仿佛而已。至诚祈请，有冥感者，乃暂明视，尚不能久。昔如来在世之时，此龙为牧牛之士，供王乳酪，进奉失宜。既获谴责，心怀恚恨，即以金钱买花，供养受记窣堵波，愿为恶龙，破国害王。即趣石壁，投身而死。遂居此窟，为大龙王，便欲出穴，成本恶愿。适起此心，如来已鉴，愍此国人为龙所害，运神通力，自中印度至。龙见如来，毒心遂止，受不杀戒，愿护正法。因请如来：“常居此窟，诸圣弟子，恒受我供。”如来告曰：“吾将寂灭，为汝留影，遣五罗汉常受汝供。正法隐没，其事无替。汝若毒心奋怒，当观吾留影，以慈善故，毒心当止。此贤劫中，当来世尊，亦悲愍汝，皆留影像。”影窟门外有二方石，其一石上有如来足蹈之迹，轮相微现，光明时烛。影窟左右多诸石室，皆是如来诸圣弟子入定之处。影窟西北隅有窣堵波，是如来经行之处。其侧窣堵波，有如来发、爪。邻此不远有窣堵波，是如来显畅真宗，说蕴界处之所也。影窟西有大盘石，如来尝于其上濯浣袈裟，文影微现。醯罗城 城东南三十余里，至醯罗城。周四五里，竖峻险固，花林池沼，光鲜澄镜。城中居人，淳质正信。复有重阁，画栋丹楹。第二阁中有七宝小窣堵波，置如来顶骨。骨周一尺二寸，发孔分明，其色黄白，盛以宝函，置窣堵波中。欲知善恶相者，香末和泥，以印顶骨，随其福感，其文涣然。又有七宝小窣堵波，以贮如来髑髅骨，状若荷叶，色同顶骨，亦以宝函缄络而置。又有七宝小窣堵波，贮如来眼睛，睛大如柰，光明清彻，曒映中外，又以七宝函缄封而置。如来僧伽胝袈裟，细氎所作，其色黄赤，置宝函中，岁月既远，微有损坏。如来锡杖，白铁作环，栴檀为笴，宝筒盛之。近有国王闻此诸物并是如来昔亲服用，恃其威力，迫胁而归。既至本国，置所居宫，曾未浃辰，求之已失。爰更寻访，已还本处。斯五圣迹，多有灵异。迦毕试王令五净行给侍香花，观礼之徒，相继不绝。诸净行等欲从虚寂，以为财用人之所重，权立科条，以止喧杂。其大略曰：“诸欲见如来顶骨者，税一金钱；若取印者，税五金钱。”自余节级，以次科条。科条虽重，观礼弥众。重阁西北有窣堵波，不甚高大，而多灵异，人以指触，便即摇震，连基倾动，铃铎和鸣。
健驮逻国,阿富汗库纳尔河与巴基斯坦印度河之间,迦毕试国,东西千余里，南北八百余里,631,,631,,卑钵罗树及迦腻色迦王大窣堵波，大窣堵波周近诸佛像，迦腻色迦王伽蓝与胁尊者世亲如意遗迹，布色羯逻伐底城及诸遗迹，弹多落迦山及其他诸遗迹,谷稼殷盛，花果繁茂，多甘蔗，出石蜜,,,僧伽蓝十余所，天祠百数,异道杂居,,邑里空荒，居人稀少，宫城一隅有千余户，人性恇怯，好习典艺，多敬异道，少信正法,东临信度河,气序温暑，略无霜雪，,1、卑钵罗树及迦腻色迦王大窣堵波 城外东南八九里有卑钵罗树，高百余尺，枝叶扶疏，荫影蒙密。过去四佛已坐其下，今犹现有四佛坐像。贤劫之中，九百九十六佛皆当坐焉。冥祇警卫，灵鉴潜被。释迦如来于此树下南面而坐，告阿难曰：“我去世后，当四百年，有王命世，号迦腻色迦，此南不远起窣堵波，吾身所有骨肉舍利，多集此中。”卑钵罗树南有窣堵波，迦腻色迦王之所建也。迦腻色迦王以如来涅槃之后第四百年，君临膺运，统赡部洲，不信罪福，轻毁佛法。畋游草泽，遇见白兔，王亲奔逐，至此忽灭。见有牧牛小竖，于林树间作小窣堵波，其高三尺。王曰：“汝何所为？”牧竖对曰：“昔释迦佛圣智悬记：‘当有国王于此胜地建窣堵波，吾身舍利多聚其内。’大王圣德宿殖，名符昔记，神功胜福，允属斯辰，故我今者先相警发。”说此语已，忽然不现。王闻是说，喜庆增怀，自负其名大圣先记，因发正信，深敬佛法。周小窣堵波，更建石窣堵波，欲以功力弥覆其上。随其数量，恒出三尺，若是增高，逾四百尺。基趾所峙，周一里半，层基五级，高一百五十尺，方乃得覆小窣堵波。王因喜庆，复于其上更起二十五层金铜相轮，即以如来舍利一斛而置其中，式修供养。营建才迄，见小窣堵波在大基东南隅下傍出其半。王心不平，便即掷弃，遂住窣堵波第二级下石基中半现，复于本处更出小窣堵波。王乃退而叹曰：“嗟夫，人事易迷，神功难掩，灵圣所扶，愤怒何及！”惭惧既已，谢咎而归。其二窣堵波今犹现在，有婴疾病欲祈康愈者，涂香散花，至诚归命，多蒙瘳差。2、大窣堵波周近诸佛像 大窣堵波东面石陛南镂作二小窣堵波，一高三尺，一高五尺，规摹形状如大窣堵波。又作两躯佛像，一高四尺，一高六尺，拟菩提树下加趺坐像，日光照烛，金色晃曜，阴影渐移，石文青绀。闻诸耆旧曰：数百年前，石基之隙有金色蚁，大者如指，小者如麦，同类相从，啮其石壁，文若雕镂，厕以金沙，作为此像，今犹现在。大窣堵波石陛南面有画佛像，高一丈六尺，自胸已上，分现两身，从胸已下，合为一体。闻诸先志曰：初，有贫士佣力自济，得一金钱，愿造佛像。至窣堵波所，谓画工曰：“我今欲图如来妙相，有一金钱，酬工尚少，宿心忧负，迫于贫乏。”时彼画工鉴其至诚，无云价直，许为成功。复有一人，事同前迹，持一金钱，求画佛像。画工是时受二人钱，求妙丹青，共画一像。二人同日俱来礼敬，画工乃同指一像，示彼二人，而谓之曰：“此是汝所作之佛像也。”二人相视，若有所怀。画工心知其疑也，谓二人曰：“何思虑之久乎？凡所受物，毫厘不亏。斯言不谬，像必神变。”言声未静，像现灵异，分身交影，光相昭著。二人悦服，心信欢喜。大窣堵波西南百余步，有白石佛像，高一丈八尺，北面而立，多有灵相，数放光明。时有人见像出夜行，旋绕大窣堵波。近有群贼欲入行盗，像出迎贼，贼党怖退，像归本处，住立如故。群盗因此改过自新，游行邑里，具告远近。大窣堵波左右，小窣堵波鱼鳞百数。佛像庄严，务穷工思，殊香异音，时有闻听，灵仙圣贤，或见旋绕。此窣堵波者，如来悬记，七烧七立，佛法方尽。先贤记曰：成坏已三。初至此国，适遭火灾，当见营构，尚未成功。3、迦腻色迦王伽蓝与胁尊者、世亲、如意遗迹 大窣堵波西有故伽蓝，迦腻色迦王之所基也。重阁累榭，层台洞户，旌召高僧，式昭景福。虽则圮毁，尚曰奇工。僧徒减少，并学小乘。自建伽蓝，异人间出，诸作论师及证圣果，清风尚扇，至德无泯。第三重阁有波栗湿缚(唐言胁。)尊者室，久已倾顿，尚立旌表。初，尊者之为梵志师也，年垂八十，舍家染衣。城中少年便诮之曰：“愚夫朽老，一何浅智！夫出家者，有二业焉，一则习定，二乃诵经。而今衰耄，无所进取，滥迹清流，徒知饱食。”时胁尊者闻诸讥议，因谢时人而自誓曰：“我若不通三藏理，不断三界欲，得六神通，具八解脱，终不以胁而至于席！”自尔之后，唯日不足，经行宴坐，住立思惟，昼则研习理教，夜乃静虑凝神，绵历三岁，学通三藏，断三界欲，得三明智，时人敬仰，因号胁尊者焉。胁尊者室东有故房，世亲菩萨于此制《阿毗达磨俱舍论》，人而敬之，封以记焉。世亲室南五十余步，第二重阁，末笯曷剌他(唐言如意。)论师于此制《毗婆沙论》。论师以佛涅槃之后一千年中利见也。少好学，有才辩，声问遐被，法俗归心。时室罗伐悉底国毗讫罗摩阿迭多王(唐言超日。)威风远洽，臣诸印度，日以五亿金钱周给贫窭孤独。主藏臣惧国用乏匮也，乃讽谏曰：“大王威被殊俗，泽及昆虫，请增五亿金钱，以赈四方匮乏。府库既空，更税有土，重敛不已，怨声载扬，则君上有周给之恩，臣下被不恭之责。”王曰：“聚有余，给不足，非苟为身侈靡国用。”遂加五亿，惠诸贫乏。其后畋游，逐豕失踪，有寻知迹者，赏一亿金钱，如意论师一使人剃发，辄赐一亿金钱，其国史臣依即书记。王耻见高，心常怏怏，欲众辱如意论师。乃招集异学德业高深者百人，而下令曰：“欲收视听，游诸真境，异道纷杂，归心靡措，今考优劣，专精遵奉。”洎乎集论，重下令曰：“外道论师并英俊也，沙门法众宜善宗义，胜则崇敬佛法，负则诛戮僧徒。”于是如意诘诸外道，九十九人已退飞矣。下席一人，视之蔑如也，因而剧谈，论及火烟。王与外道咸喧言曰：“如意论师辞义有失！夫先烟而后及火，此事理之常也。”如意虽欲释难，无听览者。耻见众辱，齰断其舌，乃书诫门人世亲曰：“党援之众，无竞大义；群迷之中，无辩正论。”言毕而死。居未久，超日王失国，兴王膺运，表式英贤。世亲菩萨欲雪前耻，来白王曰：“大王以圣德君临，为含识主命。先师如意学穷玄奥，前王宿撼，众挫高名，我承导诱，欲复前怨。”其王知如意哲人也，美世亲雅操焉，乃召诸外道与如意论者。世亲重述先旨，外道谢屈而退。四、布色羯逻伐底城及诸遗迹 迦腻色迦王伽蓝东北行五十余里，渡大河，至布色羯逻伐底城，周十四五里。居人殷盛，闾阎洞连。城西门外有一天祠，天像威严，灵异相继。城东有窣堵波，无忧王之所建也，即过去四佛说法之处。古先圣贤自中印度降神导物，斯地寔多，即伐苏蜜呾罗(唐言世友。旧曰和须蜜多，讹也。)论师于此制《众事分阿毗达磨论》。城北四五里有故伽蓝，庭宇荒凉，僧徒寡少，然皆遵习小乘法教。即达磨呾逻多(唐言法救。旧曰达摩多罗，讹也。)论师于此制《杂阿毗达磨论》。伽蓝侧有窣堵波，高数百尺，无忧王之所建也，雕木文石，颇异人工。是释迦佛昔为国王，修菩萨行，从众生欲，惠施不倦，丧身若遗，于此国土千生为王，即斯胜地千生舍眼。舍眼东不远有二石窣堵波，各高百余尺。右则梵王所立，左乃天帝所建，以妙珍宝而莹饰之。如来寂灭，宝变为石。基虽倾陷，尚曰崇高。梵、释窣堵波西北行五十余里，有窣堵波，是释迦如来于此化鬼子母，令不害人，故此国俗祭以求嗣。化鬼子母北行五十余里，有窣堵波。是商莫迦菩萨(旧曰睒摩菩萨，讹也。)恭行鞠养，侍盲父母，于此采果，遇王游猎，毒矢误中，至诚感灵，天帝傅药，德动明圣，寻即复苏。5、跋虏沙城 商莫迦菩萨被害东南行二百余里，至跋虏沙城。城北有窣堵波，是苏达拿太子(唐言善牙。)以父王大象施婆罗门，蒙谴被摈，顾谢国人，既出郭门，于此告别。其侧伽蓝，五十余僧，并小乘学也。昔伊湿伐逻(唐言自在。)论师于此制《阿毗达磨明灯论》。跋虏沙城东门外有一伽蓝，僧徒五十余人，并大乘学也。有窣堵波，无忧王之所建立。昔苏达拿太子摈在弹多落迦山，(旧曰檀特山，讹也。)婆罗门乞其男女，于此鬻卖。6、弹多落迦山及其他诸遗迹 跋虏沙城东北二十余里，至弹多落迦山。岭上有窣堵波，无忧王所建。苏达拿太子于此栖隐。其侧不远有窣堵波，太子于此以男女施婆罗门，婆罗门捶其男女，流血染地，今诸草木犹带绛色。岩间石室，太子及妃习定之处。谷中林树垂条若帷，并是太子昔所游止。其侧不远有一石庐，即古仙人之所居也。仙庐西北行百余里，越一小山，至大山。山南有伽蓝，僧徒鲜少，并学大乘。其侧窣堵波，无忧王之所建也，昔独角仙人所居之处。仙人为淫女诱乱，退失神通，淫女乃驾其肩而还城邑。跋虏沙城东北五十余里，至崇山。山有青石大自在天妇像，毗摩天女也。闻诸土俗曰：此天像者，自然有也。灵异既多，祈祷亦众。印度诸国求福请愿，贵贱毕萃，远近咸会。其有愿见天神形者，至诚无贰，绝食七日，或有得见，求愿多遂。山下有大自在天祠，涂灰外道式修祠祀。7、乌铎迦汉荼城 毗摩天祠东南行百五十里，至乌铎迦汉荼城。周二十余里，南临信度河。居人富乐，宝货盈积，诸方珍异，多集于此。8、娑罗睹逻邑及波你尼仙 乌铎迦汉荼城西北行二十余里，至娑罗睹逻邑，是制《声明论》波你尼仙本生处也。遂古之初，文字繁广，时经劫坏，世界空虚，长寿诸天，降灵导俗，由是之故，文籍生焉。自时厥后，其源泛滥。梵王、天帝作则随时，异道诸仙各制文字。人相祖述，竞习所传，学者虚功，难用详究。人寿百岁之时，有波你尼仙，生知博物，愍时浇薄，欲削浮伪，删定繁猥，游方问道，遇自在天，遂申述作之志。自在天曰：“盛矣哉！吾当祐汝。”仙人受教而退，于是研精覃思，捃摭群言，作为字书，备有千颂，颂三十二言矣。究极今古，总括文言，封以进上。王甚珍异，下令国中，普使传习，有诵通利，赏千斤钱。所以师资传授，盛行当世。故此邑中诸婆罗门硕学高才，博物强识。娑罗睹逻邑中有窣堵波，罗汉化波你尼仙后进之处。如来去世，垂五百年，有大阿罗汉自迦湿弥罗国游化至此，乃见梵志捶训稚童。时阿罗汉谓梵志曰：“何苦此儿？”梵志曰：“令学《声明论》，业不时进。”阿罗汉逌尔而笑，老梵者曰：“夫沙门者，慈悲为情，愍物伤类。仁今所笑，愿闻其说。”阿罗汉曰：“谈不容易，恐致深疑。汝颇尝闻波你尼仙制《声明论》，垂训于世乎？”婆罗门曰：“此邑之子，后进仰德，像设犹存。”阿罗汉曰：“今汝此子，即是彼仙。犹以强识，玩习世典，唯谈异论，不究真理，神智唐捐，流转未息，尚乘余善，为汝爱子。然则世典文辞，彼疲功绩，岂若如来圣教，福智冥滋？曩者南海之滨有一枯树，五百蝙蝠于中穴居。有诸商侣止此树下，时属风寒，人皆饥冻，聚积樵苏，蕴火其下，烟焰渐炽，枯树遂燃。时商侣中有一贾客，夜分已后，诵《阿毗达磨藏》。彼诸蝙蝠虽为火困，爱好法音，忍而不去，于此命终。随业受生，俱得人身，舍家修学，乘闻法声，聪明利智，并证圣果，为世福田。近迦腻色迦王与胁尊者招集五百贤圣，于迦湿弥罗国作《毗婆沙论》，斯并枯树之中五百蝙蝠也。余虽不肖，是其一数。斯则优劣良异，飞伏悬殊。仁今爱子，可许出家。出家功德，言不能述。”时阿罗汉说此语已，示神通事，因忽不现。婆罗门深生敬异，叹善久之，具告邻里，遂放其子出家修学。因即回信，崇重三宝，乡人从化，于今弥笃。
乌仗那国,印度河上游及斯瓦特河地区,,周五千余里,631,,631,,忍辱仙遗迹，阿波逻罗龙泉及佛遗迹，醯罗山，摩诃伐那伽蓝，摩愉伽蓝，萨裒杀地僧伽蓝，上军王窣堵波，赤塔、奇特塔及观自在菩萨精舍，达丽罗川，蓝勃卢山龙池,谷稼虽播，地利不滋，多蒲萄，少甘蔗，地产金，铁，宜郁金香，林树蓊郁，花果茂盛,,,旧有一千四百伽蓝，多已荒芜，天祠十有余所,昔僧徒一万八千，今渐减少，异道杂居,,人性怯懦，俗情谲诡，好学而不功，禁咒为艺业，多衣白氎，少有余服，语言虽异，大同印度，文字礼仪，颇相参预，崇重佛法，敬信大乘,山谷相属，川泽连原,寒暑和畅，风雨顺序，,1、忍辱仙遗迹 瞢揭厘城东四五里有大窣堵波，极多灵瑞，是佛在昔作忍辱仙，于此为羯利王(唐言斗诤。旧云哥利，讹也。)割截肢体。2、阿波逻罗龙泉及佛遗迹 瞢揭厘城东北行二百五六十里，入大山，至阿波逻罗龙泉，即苏婆伐窣堵河之源也。派流西南，春夏含冻，晨夕飞雪，雪霏五彩，光流四照。此龙者，迦叶波佛时生在人趣，名曰殑祇，深闲咒术，禁御恶龙，不令暴雨，国人赖之，以稸余粮。居人众庶感恩怀德，家税斗谷以馈遗焉。既积岁时，或有逋课。殑祇含怒，愿为毒龙，暴行风雨，损伤苗稼。命终之后，为此地龙。泉流白水，损伤地利。释迦如来大悲御世，愍此国人独遭斯难，降神至此，欲化暴龙。执金刚神杵击山崖，龙王震惧，乃出归依。闻佛说法，心净信悟，如来遂制勿损农稼。龙曰：“凡有所食，赖收人田，今蒙圣教，恐难济给，愿十二岁一收粮储。”如来含覆，愍而许焉。故今十二年一遭白水之灾。阿波逻罗龙泉西南三十余里，水北岸大磐石上，有如来足所履迹，随人福力，量有短长。是如来伏此龙已，留迹而去。后人于上积石为室，遐迩相趋，花香供养。顺流而下三十余里，至如来濯衣石，袈裟之文焕焉如镂。3、醯罗山 瞢揭厘城南四百余里，至醯罗山，谷水西派，逆流东上。杂花异果，被涧缘崖，峰岩危险，溪谷盘纡，或闻喧语之声，或闻音乐之响。方石如榻，宛若工成，连延相属，接布崖谷。是如来在昔为闻半颂(旧曰偈，梵文略也。或曰偈他，梵音讹也。今从正音，宜云伽他。伽他者，唐言颂，颂三十二言。)之法，于此舍身命也。4、摩诃伐那伽蓝 瞢揭厘城南二百余里，大山侧，至摩诃伐那(唐言大林)。伽蓝。是如来昔修菩萨行，号萨缚达多王，(唐言一切施)。避敌弃国，潜行至此，遇贫婆罗门，方来乞丐。既失国位，无以为施，遂令羁缚，擒往敌王，冀以赏财，回为惠施 5 、摩愉伽蓝 摩诃伐那伽蓝西北，下山三四十里，至摩愉(唐言豆)。伽蓝。有窣堵波，高百余尺。其侧大方石上，有如来足蹈之迹。是佛昔蹈此石，放拘胝光明，照摩诃伐那伽蓝，为诸人、天说本生事。其窣堵波基下有石，色带黄白，常有津腻。是如来在昔修菩萨行，为闻正法，于此析骨书写经典。6、尸毗迦王本生故事 摩愉伽蓝 西六七十里，至窣堵波，无忧王之所建也。是如来昔修菩萨行，号尸毗迦王，(唐言与。旧曰尸毗王，讹。)为求佛果，于此割身，从鹰代鸽。7、萨裒杀地僧伽蓝等及佛本生故事 代鸽西北二百余里，入珊尼罗阇川，至萨裒杀地(唐言蛇药。)僧伽蓝。有窣堵波，高八十余尺。是如来昔为帝释，时遭饥岁，疾疫流行，医疗无功，道死相属。帝释悲愍，思所救济，乃变其形为大蟒身，僵尸川谷，空中遍告。闻者感庆，相率奔处，随割随生，疗饥疗疾。其侧不远，有苏摩大窣堵波。是如来昔日为帝释，时世疾疫，愍诸含识，自变其身为苏摩蛇，凡有啖食，莫不康豫。珊尼罗阇川北石崖边，有窣堵波。病者至求，多蒙除差。如来在昔为孔雀王，与其群而至此，热渴所逼，求水不获，孔雀王以{此束}啄崖，涌泉流注。今遂为池，饮沐愈疾。石上犹有孔雀踪迹。8、上军王窣堵波 瞢揭厘城西南行六七十里，大河东有窣堵波，高六十余尺，上军王之所建也。昔如来之将寂灭，告诸大众：“我涅槃后，乌仗那国上军王宜与舍利之分。”及诸王将欲均量，上军王后来，遂有轻鄙之议。是时天人大众重宣如来顾命之言，乃预同分，持归本国，式遵崇建。窣堵波侧大河滨，有大石，状如象。昔上军王以大白象负舍利归，至于此地，象忽蹎仆，因而自毙，遂变为石，即于其侧起窣堵波。9、赤塔、奇特塔及观自在菩萨精舍 瞢揭厘城西五十余里，渡大河，至卢醯呾迦(唐言赤。)窣堵波，高五十余尺，无忧王之所建也。昔如来修菩萨行，为大国王，号曰慈力，于此刺身血以饲五药叉。(旧曰夜叉，讹也。)瞢揭厘城东北三十余里，至遏部多(唐言奇特。)石窣堵波，高四十余尺。在昔如来为诸人、天说法开导，如来去后，从地踊出，黎庶崇敬，香花不替。石窣堵波西渡大河三四十里，至一精舍，中有阿缚卢枳低湿伐罗菩萨像。(唐言观自在。合字连声，梵语如上；分文散音，即阿缚卢枳多，译曰观，伊湿伐罗，译曰自在。旧译为光世音，或云观世音，或观世自在，皆讹谬也。)威灵潜被，神迹昭明，法俗相趋，供养无替。10、蓝勃卢山龙池及乌仗那国王统传说 观自在菩萨像西北百五十里，至蓝勃卢山。山岭有龙池，周三十余里，渌波浩汗，清流皎镜。昔毗卢择迦王前伐诸释，四人拒军者，宗亲摈逐，各自分飞。其一释种，既出国都，跋涉疲弊，中路而止。时有一雁飞趣其前，既以驯狎，因即乘焉。其雁飞翔，下此池侧。释种虚游，远适异国，迷不知路，假寐树荫。池龙少女游览水滨，忽见释种，恐不得当也，变为人形，即而摩拊。释种惊寤，因即谢曰：“羁旅羸人，何见亲拊？”遂款殷勤，凌逼野合。女曰：“父母有训，祗奉无违。虽蒙惠顾，未承高命。”释种曰：“山谷杳冥，尔家安在？”曰：“我此池之龙女也，敬闻圣族流离逃难，幸因游览，敢慰劳弊。命有燕私，未闻来旨。况乎积祸，受此龙身，人畜殊途，非所闻也。”释种曰：“一言见允，宿心斯毕。”龙女曰：“敬闻命矣，唯所去就。”释种乃誓心曰：“凡我所有福德之力，令此龙女举体成人。”福力所感，龙遂改形，既得人身，深自庆悦。乃谢释种曰：“我积殃运，流转恶趣。幸蒙垂顾，福力所加，旷劫弊身，一旦改变。欲报此德，糜躯未谢。心愿**，事拘物议。愿白父母，然后备礼。”龙女还池，白父母曰：“今者游览，忽逢释种，福力所感，变我为人，情存好合，敢陈事实。”龙王心欣人趣，情重圣族，遂从女请。乃出池而谢释种曰：“不遗非类，降尊就卑，愿临我室，敢供洒扫。”释种受龙王之请，遂即其居。于是龙宫之中，亲迎备礼，燕尔乐会，肆极欢娱。释种睹龙之形，心常畏恶，乃欲辞出。龙王止曰：“幸无远舍，邻此宅居，当令据疆土，称大号，总有臣庶，祚延长世。”释种谢曰：“此言非冀。”龙王以宝剑置箧中，妙好白氎而覆其上，谓释种曰：“幸持此氎以献国王，王必亲受远人之贡，可于此时害其王也。因据其国，不亦善乎？”释种受龙指诲，便往行献。乌仗那王躬举其氎，释种执其袂而刺之。侍臣、卫兵喧乱阶陛，释种麾剑告曰：“我所仗剑，神龙见授，以诛后伏，以斩不臣。”咸惧神武，推尊大位。于是沿弊立政，表贤恤患。已而动大众，备法驾，即龙宫而报命，迎龙女以还都。龙女宿业未尽，余报犹在，每至燕私，首出九龙之头。释种畏恶，莫知图计，伺其寐也，利刃断之。龙女惊寤曰：“斯非后嗣之利，非徒我命有少损伤，而汝子孙当苦头痛。”故此国族常有斯患，虽不连绵，时一发动，释种既没，其子嗣位，是嗢呾罗犀那王。(唐言上军。)上军王嗣位之后，其母丧明。如来伏阿波逻罗龙还也，从空下其宫中。上军王适从游猎，如来因为其母略说法要。遇圣闻法，遂得复明。如来问曰：“汝子，我之族也，今何所在？”母曰：“旦出畋游，今将返驾。”如来与诸大众寻欲发引。王母曰：“我唯福遇，生育圣族，如来悲愍，又亲降临，我子方还，愿少留待。”世尊曰：“斯人者，我之族也，可闻教而信悟，非亲诲以发心。我其行矣，还语之曰：‘如来从此往拘尸城娑罗树间入涅槃，宜取舍利，自为供养。’”如来与诸大众凌虚而去。上军王方游猎，远见宫中光明赫奕，疑有火灾，罢猎而返。乃见其母复明，庆而问曰：“我去几何，有斯祥感，能令慈母复明如昔？”母曰：“汝出之后，如来至此，闻佛说法，遂得复明。如来从此至拘尸城娑罗树间，当入涅槃，召汝速来分取舍利。”时王闻已，悲号顿躄，久而醒悟，命驾驰赴。至双树间，佛已涅槃。时诸国王轻其边鄙，宝重舍利，不欲分与。是时天、人大众重宣佛意，诸王闻已，遂先均授。11、达丽罗川 瞢揭厘城东北逾山越谷，逆上信度河，途路危险，山谷杳冥。或履縆索，或牵铁锁，栈道虚临，飞梁危构，椽杙蹑蹬，行千余里，至达丽罗川，即乌仗那国旧都也。多出黄金及郁金香。达丽罗川中大伽蓝侧，有刻木慈氏菩萨像，金色晃昱，灵鉴潜通，高百余尺，末田底迦(旧曰末田地，讹略也。)阿罗汉之所造也。罗汉以神通力，携引匠人升睹史多天，(旧曰兜率他也，又曰兜术他，讹也。)亲观妙相，三返之后，功乃毕焉。自有此像，法流东派。从此东行，逾岭越谷，逆上信度河，飞梁栈道，履危涉险，经五百余里，至钵露罗国。(北印度境。)
钵露罗国,巴尔帖斯坦,,周四千余里,631,,631,,,多麦，豆，出金，银，资金之利，国用富饶,,,伽蓝数百所,僧徒数千人,,人性犷暴，薄于仁义，无闻礼节，形貌粗弊，衣服毛褐，文字大同印度，言语异于诸国,,时唯寒烈,
呾叉始罗国,巴基斯坦共和国拉瓦尔品第,迦湿弥罗国,周二千余里,631,,631,,医罗钵呾罗龙王池，四宝藏之一所，舍头窣堵波，童受论师制论处,地称沃壤，稼墙殷盛，泉流多，花果茂,,大乘佛教,伽蓝虽多，荒芜已甚,僧徒寡少,,风俗轻勇，崇敬三宝,,气序和畅,
僧诃补罗国,萨尔特山脉北麓开达斯,,周三千五六百里,631,,631,,,农务少功，地利多获,,,,,,人性猛，俗尚骁勇，又多谲诈,依山据岭，坚峻险固,气序寒,
乌剌尸国,克什米尔哈查拉,,周二千余里,631,,631,,,宜稼穑，少花果，,,不信佛法,,,,俗无礼义，人性刚猛，多行诡诈，不信佛法,山阜连接，田畴隘狭,气序温和，微有霜雪,
迦湿弥罗国,克什米尔,,周七千余里,631,2年,633,,小伽蓝及众贤论师遗迹；索建地罗论师及象食罗汉遗迹；圆满与觉取论师遗迹,宜稼穑，多花果，出龙种马及郁金香，火珠，药草，,,,伽蓝百余所,僧徒五千余人,,服毛褐，衣白氎，土俗轻僄，人性怯懦，国为龙护，遂雄邻境，容貌妍美，情性诡诈，好学多闻，邪正兼信,四境负山，山极峭峻，虽有门径，而复隘狭,气序寒劲，多雪少风,"1、开国传说 《国志》曰：国地本龙池也。昔佛世尊自乌仗那国降恶神已，欲还中国，乘空当此国上，告阿难曰：“我涅槃之后，有末田底迦阿罗汉，当于此国建国安人，弘扬沸法。”如来寂灭之后第五十年，阿难弟子末田底迦罗汉者，得六神通，具八解脱，闻佛悬记，心自庆悦，便来至此，于大山岭，宴坐林中，现大神变。龙见深信，请资所欲。阿罗汉曰：“愿于池内，惠以容膝。”龙王于是缩水奉施。罗汉神通广身，龙王纵力缩水，池空水尽，龙翻请地。阿罗汉于此西北为留一池，周百余里，自余枝属，别居小池。龙王曰：“池地总施，愿恒受供。”末田底迦曰：“我今不久无余涅槃，虽欲受请，其可得乎？”龙王重请：“五百罗汉常受我供，乃至法尽，法尽之后，还取此国以为居池。”末田底迦从其所请。时阿罗汉既得其地，运大神通力，立五百伽蓝，于诸异国买鬻贱人，以充役使，以供僧众。末田底迦入寂灭后，彼诸贱人自立君长，邻境诸国鄙其贱种，莫与交亲，谓之讫利多。(唐言买得。)今时泉水已多流滥。2、五百罗汉僧传说 摩揭陁国无忧王以如来涅槃之后第一百年，命世君临，威被殊俗。深信三宝，爱育四生。时有五百罗汉僧、五百凡夫僧，王所敬仰，供养无差。有凡夫僧摩诃提婆，(唐言大天。)阔达多智，幽求名实，潭思作论，理违圣教，凡有闻知，群从异议。无忧王不识凡、圣，因情所好，党援所亲，召集僧徒赴殑伽河，欲沈深流，总从诛戮。时诸罗汉既逼命难，咸运神通，凌虚履空，来至北国，山栖谷隐。时无忧王闻而悔惧，躬来谢过，请还本国，彼诸罗汉确不从命。无忧王为罗汉建五百僧伽蓝，总以此国持施众僧。3、迦腻色迦王第四结集 健驮逻国迦腻色迦王，以如来涅槃之后第四百年应期抚运，王风远被，殊俗内附。机务余暇，每习佛经，日请一僧入宫说法。而诸异议部执不同，王用深疑，无以去惑。时胁尊者曰：“如来去世，岁月逾邈，弟子部执，师资异论，各据闻见，共为矛盾。”时王闻已，甚用感伤，悲叹良久。谓尊者曰：“猥以余福，聿遵前绪，去圣虽远，犹为有幸，敢忘庸鄙，绍隆法教，随其部执，具释三藏。”胁尊者曰：“大王宿殖善本，多资福祐，留情佛法，是所愿也。”王乃宣令远近，召集圣哲。于是四方辐凑，万里星驰，英贤毕萃，睿圣咸集。七日之中，四事供养。既欲法议，恐其喧杂。王乃具怀白诸僧曰：“证圣果者住，具结缚者还。”如是尚众。又重宣令：“无学人住，有学人还。”犹复繁多。又更下令：“具三明、备六通者住，自余各还。”然尚繁多。又更下令：“其有内穷三藏、外达五明者住，自余各还。”于是得四百九十九人。王欲于本国，苦其暑湿。又欲就王舍城大迦叶波结集石室。胁尊者等议曰：“不可。彼多外道，异论纠纷，酬对不暇，何功作论？众会之心，属意此国。此国四周山固，药叉守卫，土地膏腴，物产丰盛，贤圣之所集往，灵仙之所游止。”众议斯在，佥曰：“允谐。”其王是时与诸罗汉自彼而至，建立伽蓝，结集三藏，欲作《毗婆沙论》。是时尊者世友，户外纳衣。诸阿罗汉谓世友曰：“结使未除，诤议乖谬，尔宜远迹，勿居此也。”世友曰：“诸贤于法无疑，代佛施化，方集大义，欲制正论。我虽不敏，粗达微言，三藏玄文、五明至理，颇亦沈研，得其趣矣。”诸罗汉曰：“言不可以若是。汝宜屏居，疾证无学，已而会此，时未晚也。”世友曰：“我顾无学，其犹涕唾，志求佛果，不趋小径。掷此缕丸，未坠于地，必当证得无学圣果。”时诸罗汉重诃之曰：“增上慢人，斯之谓也。无学果者，诸佛所赞，宜可速证，以决众疑。”于是世友即掷缕丸，空中诸天接缕丸而请曰：“方证佛果，次补慈氏，三界特尊，四生攸赖，如何于此欲证小果？”时诸罗汉见是事已，谢咎推德，请为上座，凡有疑义，咸取决焉。是五百圣贤，先造十万颂。《邬波第铄论》，(旧曰《优波提舍论》，讹也)。释《素呾缆藏》。(旧曰《修多罗藏》，讹也。)次造十万颂《毗奈耶毗婆沙论》，释《毗奈耶藏》。(旧曰《毗那耶藏》，讹也)。后造十万颂《阿毗达磨毗婆沙论》，释《阿毗达磨藏》。或曰《阿毗昙藏》，略也。凡三十万颂，九百六十万言，备释三藏，悬诸千古，莫不穷其枝叶，究其浅深，大义重明，微言再显，广宣流布，后进赖焉。迦腻色迦王遂以赤铜为鍱，镂写论文，石函缄封，建窣堵波，藏于其中。命药叉神周卫其国，不令异学持此论出。欲求习学，就中受业。于是功既成毕，还军本都。出此国西门之外，东面而跪，复以此国总施僧徒。4、雪山下王讨罪故事
 迦腻色迦王既死之后，讫利多种复自称王，斥逐僧徒，毁坏佛法。睹货逻国呬摩呾罗王，(唐言雪山下。)其先释种也。以如来涅槃之后第六百年，光有疆土，嗣膺王业，树心佛地，流情法海。闻讫利多毁灭佛法，招集国中敢勇之士，得三千人，诈为商旅，多赍宝货，挟隐军器，来入此国。此国之君，特加礼宾。商旅之中，又更选募，得五百人，猛烈多谋，各袖利刃，俱持重宝，躬赍所奉，持以献上。时雪山下王去其帽，即其座，讫利多王惊慑无措，遂斩其首。令群下曰：“我是睹货逻国雪山下王也。怒此贱种公行虐政，故于今者诛其有罪。凡百众庶，非尔之辜。”然其国辅宰臣，迁于异域。既平此国，召集僧徒，式建伽蓝，安堵如故。复于此国西门之外，东面而跪，持施众僧。 其讫利多种屡以僧徒覆宗灭祀，世积其怨，嫉恶佛法。岁月既远，复自称王。故今此国不甚崇信，外道天祠，特留意焉。5、佛牙伽蓝及传说 新城东南十余里，故城北大山阳，有僧伽蓝，僧徒三百余人。其窣堵波中有佛牙，长可寸半，其色黄白，或至斋日，时放光明。昔讫利多种之灭佛法也，僧徒解散，各随利居。有一沙门，游诸印度，观礼圣迹，伸其至诚。后闻本国平定，即事归途。遇诸群象横行草泽，奔驰震吼。沙门已见，升树以避。是时群象相趋奔赴，竞吸池水，浸渍树根，互共排掘，树遂蹎仆。既得沙门，负载而行，至大林中，有病象疮痛而卧，引此僧手，至所苦处，乃枯竹所刺也。沙门于是拔竹傅药，裂其裳，裹其足。别有大象，持金函授与病象，象既得已，转授沙门，沙门开函，乃佛牙也。诸象环绕，僧出无由。明日斋时，各持异果，以为中馔。食已，载僧出林，数百里外，方乃下之，各跪拜而去。沙门至国西界，渡一驶河，济乎中流，船将覆没。同舟之人互相谓曰：“今此船覆，祸是沙门。沙门必有如来舍利，诸龙利之。”船主检验，果得佛牙。时沙门举佛牙俯谓龙曰：“吾今寄汝，不久来取。”遂不渡河，回船而去，顾河叹曰：“吾无禁术，龙畜所欺！”重往印度，学禁龙法。三岁之后，复还本国，至河之滨，方设坛场，其龙于是捧佛牙函以授沙门。沙门持归，于此伽蓝而修供养。6小伽蓝及众贤论师遗迹 伽蓝南十四五里，有小伽蓝，中有观自在菩萨立像。其有断食誓死为期愿见菩萨者，即从像中出妙色身。 小伽蓝东南三十余里，至大山，有故伽蓝，形制宏壮，芜漫良甚，今唯一隅起小重阁。僧徒三十余人，并学大乘法教。昔僧伽跋陁罗(唐言众贤。)论师于此制《顺正理论》。伽蓝左右诸窣堵波，大阿罗汉舍利并在。野兽、山猿采花供养，岁时无替，如承指命。然此山中多诸灵迹，或石壁横分，峰留马迹。凡厥此类，其状谲诡，皆是罗汉、沙弥，群从游戏，手指摩画，乘马往来。遗迹若斯，难以详述。7、索建地罗论师及象食罗汉遗迹 佛牙伽蓝东十余里，北山崖间有小伽蓝，是昔索建地罗大论师于此作《众事分毗婆沙论》。 小伽蓝中有石窣堵波，高五十余尺，是阿罗汉遗身舍利也。先有罗汉，形量伟大，凡所饮食，与象同等。时人讥曰：“徒知饱食，安识是非？”罗汉将入寂灭也，告诸人曰：“吾今不久当取无余，欲说自身所证妙法。”众人闻知，相更讥笑，咸来集会，共观得失。时阿罗汉告诸人曰：“吾今为汝说本因缘。此身之前，报受象身，在东印度，居王内厩。是时此国有一沙门，远游印度，寻访圣教诸经典论。时王持我施与沙门，载负佛经，而至于此。是后不久，寻即命终。乘其载经福力所致，遂得为人，复钟余庆，早服染衣，勤求出离，不遑宁居，得六神通，断三界欲。然其所食，余习尚然，每自节身，三分食一。”虽有此说，人犹未信。即升虚空，入火光定，身出烟焰，而入寂灭。余骸坠下，起窣堵波。8、圆满与觉取论师遗迹 王城西北行二百余里，至商林伽蓝，布剌拿(唐言圆满。)论师于此作《释毗婆沙论》。城西行百四五十里，大河北接山南，至大众部伽蓝，僧徒百余人。佛地罗(唐言觉取。)论师于此作《大众部集真论》。"
半笯嗟国,斯利那加西南布恩契,迦湿弥罗国,周二千余里,633,,633,,,稼时播，花果繁茂，多甘蔗，无蒲萄，庵没罗果，乌淡跋罗，茂遮等果，家植成林，珍其味也,,,伽蓝五所,,,风俗勇烈，裳服所制，多衣氎布，人性质直，淳信三宝,山川多，畴陇狭,气序温暑,
曷逻阇补罗国,克什米尔拉加奥利,迦湿弥罗国,周四千余里,633,,633,,,稼时播，花果繁茂，多甘蔗，无蒲萄，庵没罗果，乌淡跋罗，茂遮等果，家植成林，珍其味也,,,伽蓝十所，天祠一所,僧徒寡少，外道甚多,,风俗猛烈，人性骁勇,极险固，多山阜，川原隘狭，地利不丰,气序温暑,
磔迦国,巴基斯坦旁遮普平原,,周万余里,633,,633,林中遇贼,,宜粳稻，多宿麦，出金，银，鍮石，铜，铁,,小乘法教,伽蓝十所，天祠数百,僧徒百余人,,风俗暴恶，言辞鄙亵，衣服鲜白，所谓憍奢耶衣，朝霞衣等，少事佛法，多事天神，此国以往多有福舍，以赡贫匮，或施药，或施食，口腹之资，行旅无累,东据毗播奢河，西临信度河,时候暑热，土多风飙,1、奢羯罗故城及大族王兴灭故事 大城西南十四五里，至奢羯罗故城。垣堵虽坏，基趾尚固，周二十余里。其中更筑小城，周六七里。居人富饶，即此国之故都也。 数百年前，有王号摩醯逻矩罗，(唐言大族。)都治此城，王诸印度。有才智，性勇烈，邻境诸国，莫不臣伏。机务余闲，欲习佛法，令于僧中推一俊德。时诸僧徒莫敢应命：少欲无为，不求闻达；博学高明，有惧威严。是时王家旧僮，染衣已久，辞论清雅，言谈赡敏，众共推举，而以应命。王曰：“我敬佛法，远访名僧，众推此隶，与我谈论。常谓僧中贤明肩比，以今知之，夫何敬哉？”于是宣令五印度国，继是佛法并皆毁灭，僧徒斥逐，无复孑遗。摩揭陁国婆罗阿迭多王(唐言幼日。)崇敬佛法，爱育黎元，以大族王淫刑虐政，自守疆埸，不恭职贡。时大族王治兵将讨。幼日王知其声问，告诸臣曰：“今闻寇至，不忍斗其兵也。幸诸僚庶赦而不罪，赐此微躯潜行草泽。”言毕出宫，依缘山野。国中感恩慕从者数万余人，栖窜海岛。大族王以兵付弟，浮海往伐。幼日王守其厄险，轻骑诱战，金鼓一震，奇兵四起，生擒大族，反接引见。大族王自愧失道，以衣蒙面。幼日王踞师子床，群官周卫，乃命侍臣告大族曰：“汝露其面，吾欲有辞。”大族对曰：“臣主易位，怨敌相视，既非交好，何用面谈？”再三告示，终不从命。于是宣令数其罪曰：“三宝福田，四生攸赖，苟任豺狼，倾毁胜业。福不祐汝，见擒于我。罪无可赦，宜从刑辟。”时幼日王母博闻强识，善达占相。闻杀大族也，疾告幼日王曰：“我尝闻大族奇姿多智，欲一见之。”幼日王命引大族至母宫中。幼日母曰：“呜呼，大族幸勿耻也！世间无常，荣辱更事，吾犹汝母，汝若吾子，宜去蒙衣，一言面对。”大族曰：“昔为敌国之君，今为俘囚之虏，隳废王业，亡灭宗祀，上愧先灵，下惭黎庶，诚耻面目。俯仰天地，不能自丧，故此蒙衣。”王母曰：“兴废随时，存亡有运。以心齐物，则得丧俱忘；以物齐心，则毁誉更起。宜信业报，与时推移，去蒙对语，或存躯命。”大族谢曰：“苟以不才，嗣膺王业，刑政失道，国祚亡灭，虽在缧绁之中，尚贪旦夕之命。敢承大造，面谢厚恩。”于是去蒙衣，出其面。王母曰：“子其自爱，当终尔寿。”已而告幼日王曰：“先典有训，宥过好生。今大族王积恶虽久，余福未尽，若杀此人，十二年中，菜色相视。然有中兴之气，终非大国之王，当据北方，有小国土。”幼日王承慈母之命，愍失国之君，娉以稚女，待以殊礼，总其遗兵，更加卫从，来出海岛。大族王弟还国自立，大族失位，藏窜山野，北投迦湿弥罗国。迦湿弥罗王深加礼命，愍以失国，封以土邑。岁月既淹，率其邑人，矫杀迦湿弥罗王而自尊立。乘其战胜之威，西讨健驮逻国，潜兵伏甲，遂杀其王，国族大臣，诛锄殄灭。毁窣堵波，废僧伽蓝，凡一千六百所。兵杀之外，余有九亿人，皆欲诛戮，无遗噍类。时诸辅佐咸进谏曰：“大王威慑强敌，兵不交锋，诛其首恶，黎庶何咎？愿以微躬，代所应死。”王曰：“汝信佛法，崇重冥福，拟成佛果，广说本生，欲传我恶于未来世乎？汝宜复位，勿有再辞。”于是以三亿上族，临信度河岸杀之；三亿中族，下沈信度河流杀之；三亿下族，分赐兵士。于是持其亡国之货，振旅而归。曾未改岁，寻即殂落。于时云雾冥晦，大地震动，暴风奋发。时证果人愍而叹曰：“妄杀无辜，毁灭佛法，堕无间狱，流转未已。”2、世亲制论及其他遗迹 奢羯罗故城中有一伽蓝，僧徒百余人，并学小乘法。世亲菩萨昔于此中制《胜义谛论》。其侧窣堵波，高二百余尺，过去四佛于此说法。又有四佛经行遗迹之所。伽蓝西北五六里有窣堵波，高二百余尺，无忧王之所建也，是过去四佛说法之处。新都城东北十余里，至石窣堵波，高二百余尺，无忧王之所建也，是如来往北方行化中路止处。《印度记》曰：窣堵波中有多舍利，或有斋日，时放光明。
至那仆底国,印度旁遮普邦罗兹浦尔,,周二千余里,633,1年,634,,"暗林伽蓝,迦多衍那论师遗迹",稼穑滋茂，果木稀疏,,,伽蓝十所，天祠八所,,,风俗怯弱，学综真俗，信兼邪正,,气序温暑,1、国号由来 昔迦腻色迦王之御宇也，声振邻国，威被殊俗，河西蕃维，畏威送质。迦腻色迦王既得质子，赏遇隆厚，三时易馆，四兵警卫。此国则质子冬所居也，故曰至那仆底。(唐言汉封。)质子所居，因为国号。此境以往，洎诸印度，土无梨、桃，质子所植，因谓桃曰至那你，(唐言汉持来。)梨曰至那罗阇弗呾逻。(唐言汉王子。)故此国人深敬东土，更相指语：“是我先王本国人也。”2、暗林伽蓝及迦多衍那论师遗迹 大城东南行五百余里，至荅秣苏伐那僧伽蓝。(唐言暗林。)僧徒三百余人，学说一切有部，众仪肃穆，德行清高，小乘之学特为博究。贤劫千佛皆于此地集天人众，说深妙法。释迦如来涅槃之后第三百年中，有迦多衍那(旧曰迦旃延，讹也。)论师者，于此制《发智论》焉。暗林伽蓝中有窣堵波，高二百余尺，无忧王之所建也。其侧则有过去四佛坐及经行遗迹之处。小窣堵波、诸大石室，鳞次相望，不详其数，并是劫初已来诸果圣人于此寂灭，差难备举，齿骨犹在。绕山伽蓝周二十里，佛舍利窣堵波数百千所，连隅接影。
阇烂达罗国,印度旁遮普邦贾朗达尔,,东西千余里，南北八百余里,634,,634,,,宜谷稼，多粳稻，林树扶疏，花果茂盛,,大小二乘,伽蓝五十余所，天祠三所,僧徒二千余人，外道五百余人,,风俗刚烈，容貌鄙陋，家室富饶,,气序温暑,
屈露多国,比阿斯河流域屈露地区,,周三千余里,634,,634,,,土地沃壤，谷稼时播，花果茂盛，卉木滋荣，既邻雪山，遂多珍药，出金，银，赤铜及火珠，雨石,,多学大乘，少习诸部，,伽蓝二十余所，天祠十五,僧徒千余人，异道杂居,,人貌粗弊，既癭且尰，性刚猛，尚气勇,山周四境，依岩据岭，石室相距,气序逾寒，霜雪微降,
设多图卢国,印度旁遮普邦莎特累季河流域,,周二千余里,634,,634,,,谷稼殷盛，果实繁茂，多金，银，出珠珍,,,伽蓝十所,僧徒鲜少,,服用鲜素，裳衣绮靡，风俗淳和，人性善顺，上下有序,西临大河,气序暑热,
波理夜呾罗国,印度拉贾斯坦邦贝拉特,,周三千余里,634,,634,,,宜谷稼，丰宿麦，有异稻，种六十日而收获焉，多牛羊，少花果,,小乘佛教,伽蓝八所，倾毁已甚，天祠十余所,僧徒寡少，异道千余人,,风俗刚猛，不尚学艺，信奉外道,,气序暑热,
秣菟罗国,印度北方邦朱姆那河流域,,周五千余里,634,,634,,释迦弟子等遗迹，邬波毱多遗迹，弥猴献蜜及释迦等遗迹,土地膏腴，稼穑是务，庵没罗果家植成林，虽同一名而有两种，小者生青熟黄，大者始终青色，出细班氎及黄金,,大小二乘,伽蓝二十余所，天祠五所,僧徒二千余人，异道杂居,,风俗善顺，好修冥福，崇德尚学,,气序暑热,
萨他泥湿伐罗国,印度旁遮普邦塔内沙尔,,周七千余里,634,,635,,福地，佛舍利窣堵波及俱昏荼僧伽蓝,土地沃壤，稼穑滋盛,,小乘法教,伽蓝三所，天祠百余所,僧徒七百余人，异道甚多,,风俗浇薄，家室富饶，竞为奢侈，深闲幻术，高尚异能，多逐利，少务农，诸方奇货多聚其国,,气序温暑,
窣禄勤那国,印度北方邦台拉登,,周六千余里,635,,635,,如来及罗汉发爪窣堵波,土地沃壤，稼穑滋盛,,多学小乘，少习余部,伽蓝五所，天祠百数,僧徒千余人，异道甚多,,人性淳质，宗信外道，贵艺学，尚福慧,东临殑伽河，北背大山，阎牟那河中境而流,气序温暑,1、如来及罗汉发爪窣堵波 大城东南阎牟那河西，大伽蓝东门外有窣堵波，无忧王之所建也。如来在昔曾于此说法度人。其侧又一窣堵波，中有如来发、爪也。舍利子、没特伽罗诸阿罗汉发、爪窣堵波周其左右，数十余所。如来寂灭之后，此国为诸外道所诖误焉，信受邪法，捐废正见。今有五伽蓝者，乃异国论师与诸外道及婆罗门论议胜处，因此建焉。2、殑伽河源及提婆诱化故事 阎牟那河东行八百余里，至殑伽河河源，广三四里，东南流入海处广十余里。水色沧浪，波涛浩汗，灵怪虽多，不为物害。其味甘美，细沙随流。彼俗书记，谓之福水。罪咎虽积，沐浴便除；轻命自沈，生天受福；死而投骸，不堕恶趣；扬波激流，亡魂获济。时执师子国提婆菩萨深达实相，得诸法性，愍诸愚夫，来此导诱。当是时也，士女咸会，少长毕萃，于河之滨，扬波激流。提婆菩萨和光汲引，俯首反激，状异众人。有外道曰：“吾子何其异乎？”提婆菩萨曰：“吾父母亲宗在执师子国，恐苦饥渴，冀斯远济。”诸外道曰：“吾子谬矣！曾不再思，妄行此事。家国绵邈，山川辽敻，激扬此水，给济彼饥，其犹却行以求前及，非所闻也。”提婆菩萨曰：“幽途罪累，尚蒙此水；山川虽阻，如何不济？”时诸外道知难谢屈，舍邪见，受正法，改过自新，愿奉教诲。
秣底补罗国,印度北方邦曼达瓦尔,,周六千余里,635,,635,,摩裕罗城,宜谷，麦，多花果,,小乘教说一切有部,伽蓝十余所，天祠五十余所,僧徒八百余人，异道杂居,,风俗淳质，崇尚学艺，深闲咒术，信邪正者，其徒相半,,气序和畅,1、德光伽蓝及传说 大城南四五里，至小伽蓝，僧徒五十余人。昔瞿拿钵剌婆(唐言德光。)论师于此作《辩真》等论，凡百余部。论师少而英杰，长而弘敏，博物强识，硕学多闻。本习大乘，未穷玄奥，因览《毗婆沙论》，退业而学小乘，作数十部论，破大乘纲纪，成小乘执着。又制俗书数十余部，非斥先进所作典论。覃思佛经，十数不决，研精虽久，疑情未除。时有提婆犀那(唐言天军。)罗汉，往来睹史多天，德光愿见慈氏，决疑请益，天军以神通力，接上天宫。既见慈氏，长揖不礼。天军谓曰：“慈氏菩萨次绍佛位，何乃自高，敢不致敬？方欲受业，如何不屈？”德光对曰：“尊者此言，诚为指诲。然我具戒苾刍，出家弟子，慈氏菩萨受天福乐，非出家之侣，而欲作礼，恐非所宜。”菩萨知其我慢心固，非闻法器，往来三返，不得决疑。更请天军，重欲觐礼。天军恶其我慢，蔑而不对。德光既不遂心，便起恚恨，即趣山林，修发通定，我慢未除，不证道果。2、大伽蓝及众贤与世亲故事 德光伽蓝北三四里，有大伽蓝，僧徒二百余人，并学小乘法教，是众贤论师寿终之处。论师迦湿弥罗国人也，聪敏博达，幼传雅誉，特深研究说一切有部《毗婆沙论》。时有世亲菩萨，一心玄道，求解言外，破毗婆沙师所执，作《阿毗达磨俱舍论》，辞义善巧，理致精高。众贤循览，遂有心焉。于是沈研钻极十有二岁，作《俱舍雹论》二万五千颂，凡八十万言矣。所谓言深致远，穷幽洞微。告门人曰：“以我逸才，持我正论，逐斥世亲，挫其锋锐，无令老叟独擅先名。”于是学徒四三俊彦，持所作论，推访世亲。世亲是时在磔迦国奢羯罗城，远传声问众贤当至。世亲闻已，即治行装。门人怀疑，前进谏曰：“大师德高先哲，名擅当时，远近学徒莫不推谢。今闻众贤，一何惶遽？必有所下，我曹厚颜。”世亲曰：“吾今远游，非避此子。顾此国中，无复鉴达。众贤后进也，诡辩若流，我衰耄矣，莫能持论。欲以一言颓其异执，引至中印度，对诸耄彦，察乎真伪，详乎得失。”寻即命侣，负笈远游。众贤论师当后一日至此伽蓝，忽觉气衰，于是裁书谢世亲曰：“如来寂灭，弟子部执，传其宗学，各擅专门，党同道，疾异部。愚以寡昧，猥承传习，览所制《阿毗达磨俱舍论》，破毗婆沙师大义，辄不量力，深究弥年，作为此论，扶正宗学。智小谋大，死其将至。菩萨宣畅微言，抑扬至理，不毁所执，得存遗文，斯为幸矣，死何悔哉？”于是历选门人有辞辩者而告之曰：“吾诚后学，轻凌先达，命也如何？当从斯没！汝持是书及所制论，谢彼菩萨，代我悔过。”授辞适毕，奄尔云亡。门人奉书至世亲所而致辞曰：“我师众贤已舍寿命，遗言致书，责躬谢咎。不坠其名，非所敢望。”世亲菩萨览书阅论，沈吟久之，谓门人曰：“众贤论师聪敏后进，理虽不足，辞乃有余。我今欲破众贤之论，若指诸掌。顾以垂终之托，重其知难之辞，苟缘大义，存其宿志，况乎此论发明我宗？”遂为改题为《顺正理论》。门人谏曰：“众贤未没，大师远迹，既得其论，又为改题，凡厥学徒，何颜受愧？”世亲菩萨欲除众疑，而说颂曰：“如师子王，避豕远逝，二力胜负，智者应知。”众贤死已，焚尸收骨，于伽蓝西北二百余步庵没罗林中，起窣堵波，今犹现在。3、无垢友故事 庵没罗林侧有窣堵波，毗末罗蜜多罗(唐言无垢友。)论师之遗身。论师，迦湿弥罗国人也，于说一切有部而出家焉。博综众经，研究异论，游五印度国，学三藏玄文，名立业成，将归本国。途次众贤论师窣堵波也，拊而叹曰：“惟论师雅量清高，抑扬大义，方欲挫异部，立本宗业也，如何降年不永！我无垢友猥承末学，异时慕义，旷代怀德。世亲虽没，宗学尚传，我尽所知，当制诸论，令赡部洲诸学人等绝大乘称，灭世亲名，斯为不朽，用尽宿心。”说是语已，心发狂乱，五舌重出，热血流涌。知命必终，裁书悔曰：“夫大乘教者，佛法之中究竟说也。名味泯绝，理致幽玄。轻以愚昧，驳斥先进，业报皎然，灭身宜矣。敢告学人，厥鉴斯在，各慎尔志，无得怀疑。”大地为震，命遂终焉。当其死处，地陷为坑。同旅焚尸，收骸旌建。时有罗汉见而叹曰：“惜哉！苦哉！今此论师任情执见，毁恶大乘，堕无间狱。”4、摩裕罗城 国西北境殑伽河东岸有摩裕罗城，周二十余里，居人殷盛。清流交带，出鍮石、水精、宝器。去城不远，临殑伽河，有大天祠，甚多灵异。其中有池，编石为岸，引殑伽水为浦，五印度人谓之殑伽河门，生福灭罪之所。常有远方数千人，集此澡濯。乐善诸王建立福舍，备珍羞，储医药，惠施鳏寡，周给孤独。
婆罗吸摩补罗国,印度北方邦伽尔瓦尔,,周四千余里,635,,635,,,土地沃壤，稼穑时播，出鍮石，水精,,,伽蓝五所，天祠十余所,僧徒寡少，异道杂居,,风俗刚猛，少学艺，多逐利，人性犷烈，邪正杂信,山周四境,气序微寒,
瞿毗霜那国,印度北方邦卡昔浦尔,,周二千余里,635,,635,,,宜谷，麦，多花果,,,伽蓝二所，天祠三十余所,僧众百余人，异道杂居,,风俗淳质，勤学好福，多信外道，求现在乐,花林池沼，往往相间,气序和畅,
垩醯掣呾逻国,印度北方邦阿希查特拉,,周三千余里,635,,635,,,宜谷麦，多林泉,,小乘正量部法,伽蓝十余所，天祠九所,僧众千余人，异道三百余人,,风俗淳质，玩道笃学，多才博识,,气序和畅,
毗罗删拿国,印度北方邦比尔沙尔,,周二千余里,635,,635,,,宜谷麦，多林泉,,,伽蓝二所，天祠五所,僧徒三百人，异道杂居,,风俗猛暴，人知学艺，崇信外道，少敬佛法,,气序和畅,
劫比他国,印度北方邦桑基萨村,,周二千余里,635,,635,,大伽蓝,宜谷麦，多林泉,,,伽蓝四所，天祠十所,僧徒千余人，异道杂居,,风俗淳和，人多学艺,,气序和畅,1、大伽蓝三宝阶及其传说 城东二十余里有大伽蓝，经制轮奂，工穷剞劂。圣形尊像，务极庄严。僧徒数百人，学正量部法。数万净人，宅居其侧。伽蓝大垣内有三宝阶，南北列，东面下，是如来自三十三天降还所也。昔如来起自胜林，上升天宫，居善法堂，为母说法。过三月已，将欲下降，天帝释乃纵神力，建立宝阶，中阶黄金，左水精，右白银。如来起善法堂，从诸天众，履中阶而下；大梵王执白拂，履银阶而右侍；天帝释持宝盖，蹈水精阶而左侍。天众凌虚，散花赞德。数百年前，犹有阶级，逮至今时，陷没已尽。诸国君王悲慨不遇，垒以砖石，饰以珍宝，于其故基，拟昔宝阶，其高七十余尺，上起精舍。中有石佛像，而左右之阶有释、梵之像，形拟厥初，犹为下势。傍有石柱，高七十余尺，无忧王所建。色绀光润，质坚密理，上作师子蹲踞向阶，雕镂奇形，周其方面，随人罪福，影现柱中。宝阶侧不远有窣堵波，是过去四佛坐及经行遗迹之所。其侧窣堵波，如来在昔于此澡浴。其侧精舍，是如来入定之处。精舍侧有大石基，长五十余步，高七尺，是如来经行之处。足所履迹，皆有莲花之文。基左右各有小窣堵波，帝释、梵王之所建也。2、莲花色尼见佛处及传说 释、梵窣堵波前，是莲花色苾刍尼欲先见佛，化作转轮王处。如来自天宫还赡部洲也，时苏部底(唐言善现。旧曰须扶提，或曰须菩提，译曰善吉，皆讹也。)宴坐石室，窃自思曰：“今佛还降，人、天导从，如我今者，何所宜行？尝闻佛说，知诸法空，体诸法性，是则以慧眼观法身也。”时莲花色苾刍尼欲初见佛，化为转轮王，七宝导从，四兵警卫，至世尊所，复苾刍尼。如来告曰：“汝非初见。夫善现者，观诸法空，是见法身。”圣迹坦内，灵异相继。其大窣堵波东南有一龙池，恒护圣迹。既有冥卫，难以轻犯。岁久自坏，人莫能毁。
羯若鞠阇国(曲女城),中印度恒河与卡里河合流处,羯若鞠阇国,羯若鞠阇国周四千余里。国大都城西临殑伽河，其长二十余里，广四五里。,635,,635,受到戒日王的接见，参与曲女城法会。,城西北窣堵波，三伽蓝，精室宝函佛牙，日天祠，大自在天祠,花果具繁，稼穑时播。,,大小二乘，兼功习学。异道。,伽蓝百余所，天祠二百余所,僧徒万余人，异道数千余人。,,异方奇货，多聚于此。居人丰乐，家室富饶。风俗淳质。容貌妍雅，服饰鲜绮。笃学游艺，谈论清远。邪正二道，信者相半。,城隍坚峻，台阁相望，花林池沼，光鲜澄镜。,气序和洽,1、羯若鞠阇国旧王城号拘苏磨补逻，王号梵授，福智宿资，文武允备，威慑赡部，声震邻国。具足千子，智勇弘毅，复有百女，仪貌妍雅。时有仙人居殑伽河侧，栖神入定，经数万岁，形如枯木，号大树仙人。仙人寓目河滨，见王诸女相从嬉戏，欲界爱起，便诣花宫，欲事礼请。王闻仙至，躬迎慰曰：“大仙栖情物外，何能轻举？”仙人曰：“我栖林薮，弥积岁时，出定游览，见王诸女，染爱心生，自远来请。”王闻其辞，计无所出，谓仙人曰：“今还所止，请俟嘉辰。”仙人闻命，遂还林薮。王乃历问诸女，无肯应娉。王惧仙威，忧愁毁悴。其幼稚女候王事隙，从容问曰：“父王千子具足，万国慕化，何故忧愁，如有所惧？”王曰：“大树仙人幸顾求婚，而汝曹辈莫肯从命。仙有威力，能作灾祥，倘不遂心，必起瞋怒，毁国灭祀。深惟此祸，诚有所惧。”稚女谢曰：“遗此深忧，我曹罪也。愿以微躯，得延国祚。”王闻喜悦，命驾送归。既至仙庐，谢仙人曰：“大仙俯方外之情，垂世间之顾，敢奉稚女，以供洒扫。”仙人见而不悦，乃谓王曰：“轻吾老叟，配此不妍。”王曰：“历问诸女，无肯从命。唯此幼稚，愿充给使。”仙人怀怒，便恶咒曰：“九十九女，一时腰曲，形既毁弊，毕世无婚。”王使往验，果已背伛。从是以后，便名曲女城焉。2、今王，本吠奢种也，字曷利沙伐弹那。父字波罗羯罗伐弹那。时东印度羯罗拿苏伐剌那(唐言金耳。)国设赏迦王(唐言月。)每谓臣曰：“邻有贤主，国之祸也。”于是诱请，会而害之。人既失君，国亦荒乱。时大臣婆尼，(唐言辩了。)职望隆重，谓僚庶曰：“国之大计，定于今日。先王之子，亡君之弟，仁慈天性，孝敬因心，亲贤允属，欲以袭位。于事何如？各言尔志。”众咸仰德，尝无异谋。于是辅臣执事咸劝进曰：“王子垂听，先王积功累德，光有国祚。嗣及王增，谓终寿考，辅佐无良，弃身雠手，为国大耻，下臣罪也。物议时谣，允归明德。光临土宇，克复亲雠，雪国之耻，光父之业，功孰大焉？幸无辞矣！”王子曰：“国嗣之重，今古为难，君人之位，兴立宜审。我诚寡德，父兄遐弃，推袭大位，其能济乎？物议为宜，敢忘虚薄？今者殑伽河岸，有观自在菩萨像，既多灵鉴，愿往请辞。”即至菩萨像前，断食祈请。菩萨感其诚心，现形问曰：“尔何所求，若此勤恳？”王子曰：“我惟积祸，慈父云亡；重兹酷罚，仁兄见害。自顾寡德，国人推尊，令袭大位，光父之业。愚昧无知，敢希圣旨！”菩萨告曰：“汝于先身，在此林中为练苦苾刍，而精勤不懈。承兹福力，为此王子。金耳国王既毁佛法，尔绍王位，宜重兴隆，慈悲为志，伤愍居怀，不久当王五印度境。欲延国祚，当从我诲，冥加景福，邻无强敌。勿升师子之座，勿称大王之号。”于是受教而退，即袭王位，自称曰王子，号尸罗阿迭多。(唐言戒日。)遂总率国兵，讲习战士。象军五千，马军二万，步军五万，自西徂东，征伐不臣。象不解鞍，人不释甲，于六年中，臣五印度。垂三十年，兵戈不起，政教和平，务修节俭，营福树善，忘寝与食。
纳缚提婆矩罗城,恒河东岸,羯若鞠阇国,周二十余里,635,,635,,城北天祠，三伽蓝，窣堵波，舍利,,,小乘说一切有部,天祠，三伽蓝,僧徒五百余人,,,花林清池，互相影照。,,
阿逾陁国,恒河往南,阿逾陁国,周五千余里,635,,635,恒河遇贼，降伏群贼,伐苏畔度菩萨故伽蓝，临殑伽河岸大伽蓝、窣堵波，大庵没罗林故伽蓝,谷稼丰盛，花果繁茂。,,大乘小乘，兼功习学。异道寡少。,伽蓝百有余所，天祠十所,僧徒三千余人，异道寡少。,,风俗善顺，好营福，勤学艺。,,气序和畅,1、大城中有故伽蓝，是伐苏畔度菩萨(唐言世亲。旧曰婆薮盘豆，译曰天亲，讹谬也。)数十年中于此制作大小乘诸异论。其侧故基，是世亲菩萨为诸国王、西方俊彦、沙门、婆罗门等讲义说法堂也。2、城西南五六里，大庵没罗林中有故伽蓝，是阿僧伽(唐言无著)菩萨请益导凡之处。无著菩萨夜升天宫，于慈氏菩萨所受《瑜伽师地论》、《庄严大乘经论》、《中边分别论》等，昼为大众讲宣妙理。3、庵没罗林西北百余步，有如来发爪窣堵波。其侧故基，是世亲菩萨从睹史多天下见无著菩萨处。无著菩萨，健驮逻国人也，佛去世后一千年中，诞灵利见，承风悟道，从弥沙塞部出家修学，顷之回信大乘。其弟世亲菩萨于说一切有部出家受业，博闻强识，达学研机。无著弟子佛陁僧诃(唐言师子觉。)者，密行莫测，高才有闻。二三贤哲每相谓曰：“凡修行业，愿觐慈氏，若先舍寿，得遂宿心，当相报语，以知所至。”其后师子觉先舍寿命，三年不报。世亲菩萨寻亦舍寿，时经六月，亦无报命。时诸异学咸皆讥诮，以为世亲菩萨及师子觉流转恶趣，遂无灵鉴。其后无著菩萨于夜初分，方为门人教授定法，灯光忽翳，空中大明，有一天仙乘虚下降，即进阶庭敬礼无著。无著曰：“尔来何暮？今至何谓？”对曰：“从此舍寿命，往睹史多天慈氏内众莲花中生，莲花才开，慈氏赞曰：‘善来广慧，善来广慧。’旋绕才周，即来报命。”无著菩萨曰：“师子觉者，今何所在？”曰：“我旋绕时，见师子觉在外众中，耽著欲乐，无暇相顾，讵能来报？”无著菩萨曰：“斯事已矣。慈氏何相？演说何法？”曰：“慈氏相好，言莫能宣。演说妙法，义不异此，然菩萨妙音，清畅和雅，闻者忘倦，受者无厌。”4、无著讲堂故基西北四十余里，至故伽蓝，北临殑伽河，中有砖窣堵波，高百余尺，世亲菩萨初发大乘心处。世亲菩萨自北印度至于此也，时无著菩萨命其门人，令往迎候，至此伽蓝，遇而会见。无著弟子止户牖外，夜分之后，诵《十地经》，世亲闻已，感悟追悔：“甚深妙法，昔所未闻，诽谤之愆，源发于舌，舌为罪本，今宜除断。”即执銛刀，欲自断舌。乃见无著住立告曰：“夫大乘教者，至真之理也，诸佛所赞，众圣攸宗。吾欲诲汝，尔今自悟。悟其时矣，何善如之？诸佛圣教，断舌非悔。昔以舌毁大乘，今以舌赞大乘，补过自新，犹为善矣。杜口绝言，其利安在？”作是语已，忽不复见。世亲承命，遂不断舌。旦诣无著，谘受大乘。于是研精覃思，制大乘论，凡百余部，并盛宣行。
阿耶穆佉国,中印度,阿耶穆佉国,周二千四五百里,635,,635,,如来发爪青石窣堵波，伽蓝,,,习学小乘正量部法，异道杂居。,伽蓝五所，天祠十余所,僧徒千余人，异道杂居。,,人淳俗质，勤学好福。,,气序土宜,1、其侧伽蓝，僧徒二百余人，佛像庄饰，威严如在。台阁宏丽，奇制郁起，是昔佛陀驮娑(唐言觉使。)论师于此制说一切有部《大毗婆沙论》。
钵逻耶伽国,恒河与阎牟那河交汇处,钵逻耶伽国,周五千余里,635,,635,,大城西南瞻博迦花林窣堵波，城中天祠，大施场,稼穑滋盛，果木扶疏。,,习学小乘法教，异道寔多。,伽蓝两所，天祠数百,僧徒寡少,,风俗善顺。好学艺，信外道。,,气序和畅,1、大城西南瞻博迦花林中，有窣堵波，无忧王之所建也。基虽倾陷，尚百余尺。在昔如来于此处降伏外道。2、发爪窣堵波侧，有故伽蓝，是提婆(唐言天)。菩萨作《广百论》挫小乘、伏外道处。初，提婆菩萨自南印度至此伽蓝，城中有外道婆罗门，高论有闻，辩才无碍，循名责实，反质穷辞。雅知提婆博究玄奥，欲挫其锋，乃循名问曰：“汝为何名？”提婆曰：“名天。”外道曰：“天是谁？”提婆曰：“我。”外道曰：“我是谁？”提婆曰：“狗。”外道曰：“狗是谁？”提婆曰：“汝。”外道曰：“汝是谁？”提婆曰：“天。”外道曰：“天是谁？”提婆曰：“我。”外道曰：“我是谁？”提婆曰：“狗。”外道曰：“谁是狗？”提婆曰：“汝。”外道曰：“汝是谁？”提婆曰：“天。”如是循环，外道方悟。自时厥后，深敬风猷。3、城中有天祠，莹饰轮焕，灵异多端。依其典籍，此处是众生植福之胜地也。能于此祠捐舍一钱，功逾他所惠施千金。复能轻生，祠中断命，受天福乐，悠永无穷。天祠堂前有一大树，树叶扶疏，阴影蒙密。有食人鬼依而栖宅，故其左右多有遗骸。若人至此祠中，无不轻舍身命，既怵邪说，又为神诱，自古迄今，习谬无替。近有婆罗门，族姓子也，阔达多智，明敏高才，来至祠中，谓众人曰：“夫曲俗鄙志，难以导诱，吾方同事，然后摄化。”亦既登临，俯谓友曰：“吾有死矣！昔谓诡妄，今验其实，天仙伎乐依空接引，当从胜境捐此鄙形。”寻欲投身，自取殒绝，亲友谏谕，其志不移。遂布衣服，遍周树下，及其自投，得全躯命。久而醒曰：“惟见空中诸天召命，斯乃邪雅神所引，非得天乐也。”4、大城东，两河交，广十余里，土地爽垲，细沙弥漫。自古至今，诸王豪族，凡有舍施，莫不至止，周给不计，号大施场。今戒日王者，聿修前绪，笃述惠施，五年积财，一旦倾舍，于其施场，多聚珍货。初第一日，置大佛像，众宝庄严，即持上妙奇珍，而以奉施。次常住僧，次见前众，次高才硕学、博物多能，次外道学徒、隐沦肥遁，次鳏寡孤独、贫穷乞人。备极珍玩，穷诸上馔，如是节级，莫不周施。府库既倾，肥玩都尽，髻中明珠，身诸璎珞，次第施与，初无所悔。既舍施已，称曰：“乐哉！凡吾所有，已入金刚坚固藏矣。”从此之后，诸国君王各献珍服。尝不逾旬，府库充仞。5、大施场东合流口，日数百人自溺而死。彼俗以为欲求生天，当于此处绝粒自沈，沐浴中流，罪垢消灭。是以异国远方，相趋萃止，七日断食，然后绝命。至于山猿、野鹿，群游水滨，或濯流而返，或绝食而死。当戒日王之大施也，有一弥猴，居河之滨，独在树下屏迹绝食，经数日后自饿而死。故诸外道修苦行者，于河中立高柱，日将旦也，便即升之，一手一足执柱端，蹑傍杙，一手一足虚悬外申，临空不屈，延颈张目，视日右转，逮乎曛暮，方乃下焉。若此者，其徒数十，冀斯勤苦，出离生死，或数十年未尝懈息。从此西南入大林中，恶兽野象，群暴行旅，非多徒党，难以经涉。
憍赏弥国,,憍赏弥国,周六千余里,635,,635,,大精舍刻檀佛像，如来井及浴室，具史罗长者故宅，佛精舍及发、爪窣堵波，具史罗长者旧园,粳稻多，甘蔗茂。,,学小乘教，外道寔多。,伽蓝十余所，倾顿荒芜，天祠五十余所,僧徒三百余人，外道寔多。,,风俗刚猛，好学典艺，崇树福善。,土称沃壤，地利丰植,气序暑热,1、城内故宫中有大精舍，高六十余尺，有刻檀佛像，上悬石盖，邬陀衍那王(唐言出爱。旧云优填王，讹也。)之所作也。灵相间起，神光时照。诸国君王恃力欲举，虽多人众，莫能转移，遂图供养，俱言得真，语其源迹，即此像也。初，如来成正觉已，上升天宫，为母说法，三月不还。其王思慕，愿图形像。乃请尊者没特伽罗子以神通力接工人上天宫，亲观妙相，雕刻旃檀。如来自天宫还也，刻檀之像起迎世尊，世尊慰曰：“教化劳耶？开导末世，寔此为冀。”2、伽蓝东南重阁上有故砖室，世亲菩萨尝住此中作《唯识论》，破斥小乘，难诸外道。3、伽蓝东庵没罗林中有故基，是无著菩萨于此作《显扬圣教论》。4、城西南八九里毒龙石窟，昔如来伏此毒龙，于中留影，虽则传记，今无所见。5、释迦法尽，此国最后。故上自君王，下及众庶，入此国境，自然感伤，莫不饮泣，悲叹而归。
迦奢布罗城,,憍赏弥国,周十余里,635,,635,,护法伏外道遗迹，发、爪窣堵波,,,,伽蓝,,,居人富乐。,,,1、此国先王扶于邪说，欲毁佛法，崇敬外道。外道众中召一论师，聪敏高才明达幽微者，作伪邪书千颂，凡三万二千言，非毁佛法，扶正本宗。于是召集僧众，令相榷论。外道有胜，当毁佛法；众僧无负，断舌以谢。是时僧徒惧有退负，集而议曰：“慧日已沈，法桥将毁，王党外道，其可敌乎？事势若斯，计将安出？”众咸默然，无竖议者。护法菩萨年在幼稚，辩慧多闻，风范弘远，在大众中扬言赞曰：“愚虽不敏，请陈其略。诚宜以我疾应王命。高论得胜，斯灵祐也；征议堕负，乃稚齿也。然则进退有辞，法僧无咎。”佥曰：“允谐。”如其筹策，寻应王命，即升论座。外道乃提顿纲网，抑扬辞义，诵其所执，待彼异论。护法菩萨纳其言而笑曰：“吾得胜矣！将覆逆而诵耶？为乱辞而诵耶？”外道怃然而谓曰：“子无自高也。能领语尽，此则为胜，顺受其文，后释其义。”护法乃随其声调，述其文义，辞理不谬，气韵无差。于是外道闻已，欲自断舌。护法曰：“断舌非谢，改执是悔。”即为说法，心信意悟。王舍邪道，遵崇正法。
鞞索迦国,,鞞索迦国,周四千余里,635,,635,,城南道左有大伽蓝，伽蓝侧有窣堵波。,谷稼殷盛，花果具繁。,,小乘正量部法，外道甚多。,伽蓝二十余所，天祠五十余所,僧众三千余人，外道甚多。,,风俗淳质，好学不倦，求福不回,,气序和畅,1、城南道左有大伽蓝。昔提婆设摩阿罗汉于此造《识身论》，说无我人；瞿波阿罗汉作《圣教要实论》，说有我人。因此法执，遂深诤论。又是护法菩萨于此七日中摧伏小乘一百论师。2、伽蓝侧有窣堵波，高二百余尺，无忧王所建也，如来昔日六年于此说法导化。说法侧有奇树，高六七尺，春秋递代，常无增减。是如来昔尝净齿，弃其遗枝，因植根柢，繁茂至今。诸邪见人及外道众竞来残伐，寻生如故。
室罗伐悉底国,阿契罗伐替河畔,室罗伐悉底国,周六千余里,635,,635,,"胜军王殿余址地,大法堂,钵逻阇钵底苾刍尼精舍，苏达多故宅。逝多林给孤独园。舍利弗与目连试神通处及诸佛遗迹，迦蓝附近三坑，影覆精舍",谷稼丰,,学正量部，外道甚多。,"伽蓝数百，圮坏良多,天祠百所","学正量部,外道甚多。",,风俗淳质，笃学好福。,都城荒颓，疆埸无纪，虽多荒圮，尚有居人。,气序和,1、善施长者宅侧有大窣堵波，是鸯窭利摩罗(唐言指鬘)舍邪之处。鸯窭利摩罗者，室罗伐悉底之凶人也。作害生灵，为暴城国，杀人取指，冠首为鬘。将欲害母，以充指数。世尊悲愍，方行导化。遥见世尊，窃自喜曰：“我今生天必矣。先师有教，遗言在兹，害佛杀母，当生梵天。”谓其母曰：“老今且止，先当害彼大沙门。”寻即仗剑往逆世尊。如来于是徐行而退，凶人指鬘疾驱不逮。世尊谓曰：“何守鄙志，舍善本，激恶源？”时指鬘闻诲，悟所行非，因即归命，求入法中，精勤不怠，证罗汉果。2、善施长者仁而聪敏，积而能散，拯乏济贫，哀孤恤老，时美其德，号给孤独焉。闻佛功德，深生尊敬，愿建精舍，请佛降临。世尊命舍利子随瞻揆焉，唯太子逝多园地爽垲。寻诣太子，具以情告。太子戏言：“金遍乃卖。”善施闻之，心豁如也，即出藏金，随言布地。有少未满，太子请留，曰：“佛诚良田，宜植善种。”即于空地，建立精舍。世尊即之，告阿难曰：“园地善施所买，林树逝多所施，二人同心，式崇功业。自今已去，应谓此地为逝多林给孤独园。”3、给孤独园东北有窣堵波，是如来洗病苾刍处。昔如来在世也，有病苾刍含苦独处。世尊见而问曰：“汝何所苦？汝何独居？”曰：“我性疏懒，不耐看病，故今婴疾，无人瞻视。”如来是时愍而告曰：“善男子，我今看汝。”以手拊摩，病苦皆愈。扶出户外，更易敷蓐，亲为盥洗，改着新衣。佛语苾刍：“当自勤励。”闻诲感恩，心悦身豫。4、给孤独园西北有小窣堵波，是没特伽罗子运神通力举舍利子衣带不动之处。昔佛在无热恼池，人天咸集，唯舍利子不时从会。佛命没特伽罗往召来集。没特伽罗承命而往，舍利子方补护法衣。没特伽罗曰：“世尊今在无热恼池，命我召尔。”舍利子曰：“且止，须我补竟，与子偕行。”没特伽罗曰：“若不速行，欲运神力，举尔石室至大会所。”舍利子乃解衣带置地，曰：“若举此带，我身或动。”时没特伽罗运大神通，举带不动，地为之震。因以神足还诣佛所，见舍利子已在会坐。没特伽罗俯而叹曰：“乃今以知神通之力不如智慧之力矣。”5、伽蓝后不远，是外道梵志杀女以谤佛处。如来十力无畏，一切种智，人天宗仰，圣贤遵奉。时诸外道共相议曰：“宜行诡诈，众中谤辱。”乃诱雇女，诈为听法，密而杀之，埋尸树侧，称怨告王。王命求访，于逝多园得其尸焉。是时外道高声唱言：“乔答摩大沙门常称戒忍，今私此女，杀而灭口。既淫既杀，何戒何忍？”诸天空中随声唱道：“外道凶人为此谤耳。”6、伽蓝东百余步，有大深坑，是提婆达多欲以毒药害佛，生身陷入地狱处。提婆达多，(唐言天授。)斛饭王之子也。精勤十二年，已诵持八万法藏。后为利故，求学神通，亲近恶友，共相议曰：“我相三十，减佛未几；大众围绕，何异如来？”思惟是已，即事破僧。舍利子、没特伽罗子奉佛指告，承佛威神，说法诲喻，僧复和合。提婆达多恶心不舍，以恶毒药置指爪中，欲因作礼，以伤害佛。方行此谋，自远而来，至于此也，地遂坼焉，生陷地狱。7、瞿伽梨陷坑南八百余步，有大深坑，是战遮婆罗门女毁谤如来，生身陷入地狱之处。佛为人天说诸法要，有外道弟子，遥见世尊，大众恭敬，便自念曰：“要于今日辱乔答摩，败其善誉，当令我师独擅芳声。”乃怀系木盂，至给孤独园，于大众中扬声唱曰：“此说法人与我私通，腹中之子乃释种也。”邪见者莫不信然，贞固者知为讪谤。时天帝释欲除疑故，化为白鼠，啮断盂系，系断之声震动大众，凡诸见闻增深喜悦。众中一人起持木盂，示彼女曰：“是汝儿耶？”是时也，地自开坼，全身坠陷，入无间狱，具受其殃。8、受请窣堵波南，是毗卢择迦王兴甲兵诛释种，至此见佛归兵之处。毗卢择迦王嗣位之后，追怨前辱，兴甲兵，动大众，部署已毕，申命方行。时有苾刍闻以白佛，世尊于是坐枯树下。毗卢择迦王遥见世尊，下乘礼敬，退而言曰：“茂树扶疏，何故不坐？枯株朽蘖，而乃游止？”世尊告曰：“宗族者，枝叶也。枝叶将危，庇荫何在？”王曰：“世尊为宗亲耳，可以回驾。”于是睹圣感怀，还军返国。9、还军之侧，有窣堵波，是释女被戮处。毗卢择迦王诛释克胜，简五百女充实宫闱。释女愤恚，怨言不逊，詈其王“家人之子也”。王闻发怒，命令诛戮。执法者奉王教，刖其手足，投诸坑阱。时诸释女含苦称佛，世尊圣鉴，照其苦毒，告命苾刍，摄衣而往，为诸释女说微妙法，所谓羁缠五欲，流转三途，恩爱别离，生死长远。时诸释女闻佛指诲，远尘离垢，得法眼净，同时命终，俱生天上。时天帝释化作婆罗门，收骸火葬。后人记焉。10、诛释窣堵波侧不远，有大涸池，是毗卢择迦王陷身入地狱处。世尊观释女已，还给孤独园，告诸苾刍：“今毗卢择迦王却后七日，为火所烧。”王闻佛记，甚怀惶惧。至第七日，安乐无危。王用欢庆，命诸宫女往至池侧，娱游乐饮。犹惧火起，鼓棹清流，随波泛滥。炽焰飙发，焚轻舟，坠王身，入无间狱，备受诸苦。11、伽蓝西北三四里，至得眼林。有如来经行之迹，诸圣习定之所，并树封记，建窣堵波。昔此国群盗五百，横行邑里，跋扈城国。胜军王捕获已，抉去其眼，弃于深林。群盗苦逼，求哀称佛。是时如来在逝多精舍，闻悲声，起慈心，清风和畅，吹雪山药，满其眼已，寻得复明。而见世尊在其前住，发菩提心，欢喜顶礼，投杖而去，因植根焉。
劫比罗伐窣堵国,,劫比罗伐窣堵国,周四千余里,635,,635,,释迦菩萨降神之像，太子乘白马凌虚之像，老、病、死人、沙门之像，窣堵波，如来遗身舍利，自在天祠，释种浴池,土地良沃，稼穑时播。,,习学小乘正量部教，异道杂居,伽蓝故基千有余所，而宫城之侧有一伽蓝，天祠两所,,,无大君长，城各立主。风俗和畅。,空城十数，荒芜已甚。王城颓圮，周量不详。其内宫城周十四五里，垒砖而成，基址峻固。空荒久远，人里稀旷。,气序无愆,1、菩萨诞灵之日，嘉祥辐凑。时净饭王召诸相师而告之曰：“此子生也，善恶何若？宜悉乃心，明言以对。”曰：“依先圣之记，考吉祥之应，在家作转轮圣王，舍家当成等正觉。”是时阿私多仙自远而至，叩门请见。王甚庆悦，躬迎礼敬，请就宝座，曰：“不意大仙今日降顾。”仙曰：“我在天宫安居宴坐，忽见诸天群从蹈舞，我时问言：‘何悦豫之甚也？’曰：‘大仙当知，赡部洲中释种净饭王第一夫人今产太子，当证三菩提，圆明一切智。’我闻是语，故来瞻仰。所悲朽耄，不遭圣化。”2、太子伎艺多能，独拔伦匹。净饭大王怀庆将返，仆夫驭象，方欲出城，提婆达多素负强力，自外而入，问驭者曰：“严驾此象，其谁欲乘？”曰：“太子将还，故往奉驭。”提婆达多发愤引象，批其颡，蹴其臆，僵仆塞路，杜绝行途，无能转移，人众填塞。难陁后至，而问之曰：“谁死此象？”曰：“提婆达多。”即曳之僻路。太子至，又问曰：“谁为不善，害此象耶？”曰：“提婆达多害以杜门，难陁引之开径。”太子乃举象高掷，越度城堑，其象堕地，为大深坑，土俗相传为象堕坑也。3、毗户择迦王既克诸释，虏其族类，得九千九百九十万人，并从杀戮，积尸如莽，流血成池。天警人心，收骸瘗葬。4、初，胜军王嗣位也，求婚释种。释种鄙其非类，谬以家人之女，重礼娉焉。胜军王立为正后，其产子男，是为毗卢择迦王。毗卢择迦王欲就舅氏请益受业，至此城南，见新讲堂，即中憩驾。诸释闻之，逐而詈曰：“卑贱婢子，敢居此室！此室诸释建也，拟佛居焉。”毗卢择迦嗣位之后，追复前辱，便兴甲兵，至此屯军。释种四人躬耕畎亩，便即抗拒。兵寇退散，已而入城。族人以为承轮王之祚胤，为法王之宗子，敢行凶暴，安忍杀害，污辱宗门，绝亲远放。四人被逐，北趣雪山，一为乌仗那国王，一为梵衍那国王，一为呬摩呾罗国王，一为商弥国王，奕世传业，苗裔不绝。5、释迦如来成正觉已，还国见父王为说法处。净饭王知如来降魔军已，游行化导，情怀渴仰，思得礼敬。乃命使请如来曰：“昔期成佛，当还本生。斯言在耳，时来降趾。”使至佛所，具宣王意。如来告曰：“却后七日，当还本生。”使臣还以白王，净饭王乃告命臣庶扫洒衢路，储积香花，与诸群臣四十里外伫驾奉迎。是时如来与大众俱，八金刚周卫，四天王前导，帝释与欲界天侍左，梵王与色界天侍右，诸苾刍僧列在其后。维佛在众，如月映星，威神动三界，光明逾七曜，步虚空，至本生国。王与从臣礼敬已毕，俱共还国，止尼拘卢陁僧伽蓝。6、城南门外路左有窣堵波，是太子与诸释角艺，射铁鼓。从此东南三十余里，有小窣堵波，其侧有泉，泉流澄镜，是太子与诸释引强校能，弦矢既分，穿鼓过表，至地没羽，因涌清流。时俗相传，谓之箭泉。夫有疾病，饮沐多愈。远方之人持泥以归，随其所苦，渍以涂额，灵神冥卫，多蒙痊愈。7、其北二十四五步，有无忧花树，今已枯悴，菩萨诞灵之处。菩萨生已，不扶而行于四方各七步，而自言曰：“天上天下，唯吾独尊。今兹而往，生分已尽。”随足所蹈，出大莲花。二龙踊出，住虚空中，而各吐水，一冷一暖，以浴太子。浴太子窣堵波东，有二清泉，傍建二窣堵波，是二龙从地踊出之处。菩萨生已，支属宗亲莫不奔驰，求水盥浴。夫人之前，二泉涌出，一冷一暖，遂以浴洗。其南窣堵波，是天帝释捧接菩萨处。菩萨初出胎也，天帝释以妙天衣，跪接菩萨。次有四窣堵波，是四天王抱持菩萨处也。菩萨从右胁生已，四大天王以金色氎衣捧菩萨，置金机上。至母前曰：“夫人诞斯福子，诚可欢庆。诸天尚喜，况世人乎？”
蓝摩国,,蓝摩国,,635,,635,,佛舍利窣堵波、沙弥伽蓝、太子解衣剃发处、灰炭窣堵波,,,,,,,,空荒岁久，疆埸无纪，城邑丘墟，居人稀旷。,,1、昔无忧王之分建窣堵波也，七国所建，咸已开发，至于此国，方欲兴工，而此池龙恐见陵夺，乃变作婆罗门，前叩象曰：“大王情流佛法，广树福田，敢请纡驾，降临我宅。”王曰：“尔家安在，为近远乎？”婆罗门曰：“我，此池之龙王也。承大王欲建胜福，敢来请谒。”王受其请，遂入龙宫。坐久之，龙进曰：“我惟恶业，受此龙身，供养舍利，冀消罪咎，愿王躬往，观而礼敬。”无忧王见已，惧然谓曰：“凡诸供养之具，非人间所有也。”龙曰：“若然者，愿无废毁。”无忧王自度力非其俦，遂不开发。出池之所，今有封记。2、窣堵波侧不远，有一伽蓝，僧众鲜矣，清肃皎然，而以沙弥总任众务。远方僧至，礼遇弥隆，必留三日，供养四事。闻诸先志曰：昔有苾刍，同志相召，自远而至，礼窣堵波。见诸群象相趋往来，或以牙芟草，或以鼻洒水，各持异花，共为供养。时众见已，悲叹感怀。有一苾刍，便舍具戒，愿留供养，与众辞曰：“我惟多福，滥迹僧中，岁月亟淹，行业无纪。此窣堵波有佛舍利，圣德冥通，群象践洒。遗身此地，甘与同群，得毕余龄，诚为幸矣。”众告之曰：“斯盛事也。吾等垢重，智不谋此。随时自爱，无亏胜业。”亦既离群，重申诚愿，欢然独居，有终焉之志。于是葺茅为宇，引流成池，采掇时花，洒扫莹域。绵历岁序，心事无怠。邻国诸王闻而雅尚，竞舍财宝，共建伽蓝，因而劝请，屈知僧务。自尔相踵，不泯元功，而以沙弥总知僧事。3、沙弥伽蓝东，大林中行百余里，至大窣堵波。是太子逾城至此，解宝衣，去缨络，命仆还处。太子夜半逾城，迟明至此，既允宿心，乃形言曰：“是我出笼樊，去羁锁，最后释驾之处也。”于天冠中解末尼宝，命仆夫曰：“汝持此宝，还白父王，今兹远遁，非苟违离，欲断无常，绝诸有漏。”阐铎迦曰：“讵有何心，空驾而返？”太子善言慰谕，感悟而还。4、回驾窣堵波东，有赡部树，株叶虽凋，枯株尚在。其傍复有小窣堵波，太子以余宝衣易鹿皮衣处。太子既断发易裳，虽去璎珞，尚有天衣。曰：“斯服太侈，如何改易？”时净居天化作猎人，服鹿皮衣，持弓负羽。太子举其衣而谓曰：“欲相贸易，愿见允从。”猎人曰：“善。”太子解其上服，授于猎人。猎人得已，还复天身，持所得衣，凌虚而去。5、太子易衣侧不远，有窣堵波，是太子剃发处。太子从阐铎迦取刀，自断其发，天帝释接上天宫，以为供养。时净居天子化作剃发人，执持銛刀，徐步而至。太子谓曰：“能剃发乎？幸为我净之。”化人受命，遂为剃发。
拘尸那揭罗国,阿恃多伐底河畔,拘尸那揭罗国,周十余里,635,,635,,准陁故宅、娑罗林及释迦涅槃处，群雉王救火之处，如来为鹿救生处，善贤证果处，执金刚躄地处，释迦寂灭处，,,,,,,,,城郭颓毁，邑里萧条。故城砖基，周十余里。居人稀旷，闾巷荒芜。,,1、昔于此地有大茂林，毛群羽族巢居穴处。惊风四起，猛焰飙急。时有一雉，有怀伤愍，鼓濯清流，飞空奋洒。时天帝释俯而告曰：“汝何守愚，虚劳羽翮？大火方起，焚燎林野，岂汝微躯所能扑灭？”雉曰：“说者为谁？”曰：“我天帝释耳。”雉曰：“今天帝释有大福力，无欲不遂，救灾拯难，若指诸掌，反诰无功，其咎安在？猛火方炽，无得多言！”寻复奋飞，往趣流水。天帝遂以掬水泛洒其林，火灭烟消，生类全命，故今谓之救火窣堵波也。2、及往古昔，此有大林，火炎中野，飞走穷窘，前有駃流之厄，后困猛火之难，莫不沈溺，丧弃身命。其鹿恻隐，身据横流，穿皮断骨，自强拯溺。蹇兔后至，忍疲苦而济之。筋力既竭，溺水而死。诸天收骸，起窣堵波。3、善贤者，本梵志师也，年百二十，耆旧多智。闻佛寂灭，至双树间，问阿难曰：“佛世尊将寂灭，我怀疑滞，愿欲请问。”阿难曰：“佛将涅槃，幸无扰也。”曰：“吾闻佛世难遇，正法难闻，我有深疑，恐无所请。”善贤遂入，先问佛言：“有诸别众，自称为师，各有异法，垂训导俗，乔答摩能尽知耶？”佛言：“吾悉深究。”乃为演说。善贤闻已，心净信解，求入法中，受具足戒。如来告曰：“汝岂能耶？外道异学修梵行者，当试四岁，观其行，察其性，威仪寂静，辞语诚实，则可于我法中净修梵行。在人行耳，斯何难哉！”善贤曰：“世尊悲愍，含济无私，四岁试学，三业方顺。”佛言：“我先已说，在人行耳！”于是善贤出家，即受具戒，勤励修习，身心勇猛。已而于法无疑，自身作证。夜分未久，果证罗汉，诸漏已尽，梵行已立。不忍见佛入大涅槃，即于众中入火界定，现神通事，而先寂灭。是为如来最后弟子，乃先灭度，即昔后渡蹇兔是也。4、大悲世尊随机利见，化功已毕，入寂灭乐，于双树间北首而卧。执金刚神密迹力士见佛灭度，悲恸唱言：“如来舍我入大涅槃，无归依，无覆护。”毒箭深入，愁火炽盛，舍金刚杵，闷绝躄地。久而又起，悲哀恋慕，互相谓曰：“生死大海，谁作舟楫？无明长夜，谁为灯炬？”5、如来之将寂灭也，光明普照，人天毕会，莫不悲感，更相谓曰：“大觉世尊今将寂灭，众生福尽，世间无依。”如来右胁卧师子床，告诸大众：“勿谓如来毕竟寂灭，法身常住，离诸变易，当弃懈怠，早求解脱。”诸苾刍等嘘唏悲恸。时阿泥扌聿陁告诸苾刍：“止，止，勿悲！诸天讥怪。”时末罗众供养已讫，欲举金棺，诣涅叠般那所。时阿泥扌聿陁告言：“且止！诸天欲留七日供养。”于是天众持妙天花，游虚空，赞圣德，各竭诚心，共兴供养。6、如来寂灭，棺殓已毕，时阿泥扌聿陁上升天宫，告摩耶夫人曰：“大圣法王今已寂灭。”摩耶闻已，悲哽闷绝，与诸天众至双树间，见僧伽胝、钵及锡杖，拊之号恸，绝而复声曰：“人天福尽，世间眼灭！今此诸物，空无有主。”如来圣力，金棺自开，放光明，合掌坐，慰问慈母：“远来下降，诸行法尔，愿勿深悲。”阿难衔哀而请佛曰：“后世问我，将何以对？”曰：“佛已涅槃，慈母摩耶自天宫降，至双树间，如来为诸不孝众生，从金棺起，合掌说法。”7、如来寂灭，人天悲感，七宝为棺，千氎缠身，设香花，建幡盖，末罗之众奉舆发引，前后导从，北渡金河，盛满香油，积多香木，纵火以焚，二氎不烧，一极衬身，一最覆外。为诸众生分散舍利，惟有发、爪俨然无损。8、如来金棺已下，香木已积，火烧不然，众咸惊骇，阿泥扌聿陁言：“待迦叶波耳。”时大迦叶波与五百弟子自山林来，至拘尸城，问阿难曰：“世尊之身，可得见耶？”阿难曰：“千氎缠络，重棺周殓，香木已积，即事焚烧。”是时佛于棺内为出双足，轮相之上，见有异色。问阿难曰：“何以有此？”曰：“佛初涅槃，人天悲恸，众泪迸染，致斯异色。”迦叶波作礼，旋绕兴赞，香木自然，大火炽盛。故如来寂灭，三从棺出：初出臂，问阿难治路；次起坐，为母说法；后现双足，示大迦叶波。9、佛入涅槃后，涅叠般那已，诸八国王备四兵至，遣直性婆罗门谓拘尸力士曰：“天人导师，此国寂灭，故自远来，请分舍利。”力士曰：“如来降尊，即斯下土，灭世间明导，丧众生慈父。如来舍利，自当供养，徒疲道路，终无得获。”时诸大王逊辞以求，既不相允，重谓之曰：“礼请不从，兵威非远。”直性婆罗门扬言曰：“念哉！大悲世尊忍修福善，弥历旷劫，想所具闻。今欲相凌，此非宜也。今舍利在此，当均八分，各得供养，何至兴兵？”诸力士依其言，即时均量，欲作八分。帝释谓诸王曰：“天当有分，勿持力竞。”阿那婆答多龙王、文邻龙王、医那钵呾罗龙王复作是议：“无遗我曹，若以力者，众非敌矣。”直性婆罗门曰：“勿喧诤也，宜共分之。”即作三分，一诸天，二龙众，三留人间，八国重分。天、龙、人王，莫不悲感。10、有婆罗门，豪右巨富，确乎不杂，学究五明，崇敬三宝。接其居侧，建立僧坊，穷诸资用，备尽珍饰。或有众僧往来中路。殷勤请留，罄心供养，或止一宿，乃至七日。其后设赏迦王毁坏佛法，众僧绝侣，岁月骤淹，而婆罗门每怀恳恻。经行之次，见一沙门，庞眉皓发，杖锡而来。婆罗门驰往迎逆，问所从至，请入僧坊，备诸供养，旦以淳乳，煮粥进焉。沙门受已，才一哜齿，便即置钵，沈吟长息。婆罗门持食，跪而问曰：“大德惠利随缘，幸见临顾，为夕不安耶？为粥不味乎？”沙门愍然告曰：“吾悲众生福祐渐薄，斯言且置，食已方说。”沙门食讫，摄衣即路。婆罗门曰：“向许有说，今何无言？”沙门告曰：“吾非忘也，谈不容易，事或致疑。必欲得闻，今当略说。吾向所叹，非薄汝粥。自数百年，不尝此味。昔如来在世，我时预从，在王舍城竹林精舍，俯清流而涤器，或以澡嗽，或以盥沐。嗟乎！今之纯乳，不及古之淡水，此乃人天福减使之然也。”婆罗门曰：“然则大德乃亲见佛耶？”沙门曰：“然。汝岂不闻佛子罗怙罗者，我身是也。为护正法，未入寂灭。”说是语已，忽然不见。婆罗门遂以所宿之房，涂香洒扫，像设肃然，其敬如在。
婆罗痆斯国,西临恒河,婆罗痆斯国,周四千余里,635,,635,,大城东北婆罗痆河西窣堵波，鹿野伽蓝，慈氏及护明受记窣堵波，三龙池及释迦遗迹，憍陈如等五人迎佛窣堵波，烈士池，三兽窣堵波,谷稼盛，果木扶疏，茂草靃靡。,,学小乘正量部法，外道多宗事大自在天,伽蓝三十余所，天祠百余所,僧徒三千余人，外道万余人,,人性温恭，俗重强学。多信外道，少敬佛法，多宗事大自在天，或断发，或椎髻，露形无服，涂身以灰，精勤苦行，求出生死。,闾阎栉比，居人殷盛，家积巨万，宝盈奇货。,气序和,1、昔者如来在王舍城鹫峰山告诸苾刍：“当来之世，此赡部洲土地平正，人寿八万岁，有婆罗门子慈氏者，身真金色，光明照朗，当舍家成正觉，广为众生三会说法。其济度者，皆我遗法植福众生也。其于三宝深敬一心，在家出家，持戒犯戒，皆蒙化导，证果解脱。三会说法之中，度我遗法之徒，然后乃化同缘善友。”是时慈氏菩萨闻佛此说，从座起，白佛言：“愿我作彼慈氏世尊。”如来告曰：“如汝所言，当证此果。如上所说，皆汝教化之仪也。”2、贤劫中人寿二万岁，迦叶波佛出现于世，转妙法轮，开化含识，授护明菩萨曰：“是菩萨于当来世众生寿命百岁之时，当得成佛，号释迦牟尼。”释迦菩萨受记南不远，有过去四佛经行遗迹，长五十余步，高可七尺，以青石积成，上作如来经行之像，像形杰异，威严肃然，肉髻之上特出髾发，灵相无隐，神鉴有征。3、昔与此处大林之中，有两群鹿，各五百余。时此国王畋游原泽，菩萨鹿王前请王曰：“大王校猎中原，纵燎飞矢，凡我徒属，命尽兹晨，不日腐臭，无所充膳。愿欲次差，日输一鹿。王有割鲜之膳，我延旦夕之命。”王善其言，回驾而返。两群之鹿，更次输命。提婆群中有怀孕鹿，次当就死，白其王曰：“身虽应死，子未次也。”鹿王怒曰：“谁不宝命！”雌鹿叹曰：“吾王不仁，死无日矣。”乃告急菩萨鹿王。鹿王曰：“悲哉慈母之心，恩及未形之子！吾今代汝。”遂至王门。道路之人传声唱曰：“彼大鹿王今来入邑。”都人士庶莫不驰观。王之闻也，以为不诚，门者白王，王乃信然。曰：“鹿王何遽来耶？”鹿曰：“有雌鹿当死，胎子未产，心不能忍，敢以身代。”王闻叹曰：“我人身，鹿也。尔鹿身，人也。”于是悉放诸鹿，不复输命，即以其林为诸鹿薮，因而谓之施鹿林焉。鹿野之号，自此而兴。4、初，萨婆曷剌他悉陁太子逾城之后，栖山隐谷，忘身殉法。净饭王乃命家族三人，舅氏二人曰：“我子一切义成舍家修学，孤游山泽，独处林薮，故命尔曹随知所止。内则叔父、伯舅，外则既君且臣，凡厥动静，宜知进止。五人衔命，相望营卫。因即勤求，欲期出离。每相谓曰：“夫修道者，苦证耶？乐证耶？”二人曰：“安乐为道。”三人曰：“勤苦为道。”二三交争，未有以明。于是太子思惟至理，为伏苦行外道，节麻米以支身。彼二人者见而言曰：“太子所行，非真实法。夫道也者，乐以证之，今乃勤苦，非吾徒也。”舍而远遁，思惟果证。太子六年苦行，未证菩提，欲验苦行非真，受乳糜而证果。斯三人者闻而叹曰：“功垂成矣，今其退矣。六年苦行，一日捐功！”于是相从求访二人，既相见已，匡坐高谈，更相议曰：“昔见太子一切义成出王宫，就荒谷，去珍服，披鹿皮，精勤励志，贞节苦心，求深妙法，期无上果。今乃受牧女乳糜，败道亏志，吾知之矣，无能为也。”彼二人曰：“君何见之晚欤？此猖獗人耳。夫处乎深宫，安乎尊胜，不能静志，远迹山林，弃转轮王位，为鄙贱人行，何可念哉？言增忉怛耳！”菩萨浴尼连禅河，坐菩提树，成等正觉，号天人师，寂然宴默，惟察应度，曰：“彼郁头蓝子者，证非想定，堪受妙法。”空中诸天寻声报曰：“郁头蓝子命终已来，经今七日。”如来叹惜：“如何不遇？垂闻妙法，遽从变化！”重更观察，营求世界，有阿蓝迦蓝得无所有处定，可授至理。诸天又曰：“终已五日。”如来再叹，愍其薄祜。又更谛观，谁应受教，唯施鹿林中有五人者，可先诱导。如来尔时起菩提树，趣鹿野园，威仪寂静，神光晃耀，毫含玉彩，身真金色，安详前进，导彼五人。斯五人遥见如来，互相谓曰：“一切义成，彼来者是。岁月遽淹，圣果不证，心期已退，故寻吾徒。宜各默然，勿起迎礼。”如来渐近，威神动物，五人忘制，拜迎问讯，侍从如仪。如来渐诱，示之妙理，雨安居毕，方获果证。5、数百年前有一隐士，于此池侧结庐屏迹，博习伎术，究极神理，能使瓦砾为宝，人畜易形，但未能驭风云，陪仙驾。阅图考古，更求仙术。其方曰：“夫神仙者，长生之术也。将欲求学，先定其志，筑建坛场，周一丈余。命一烈士，信勇昭著，执长刀，立坛隅，屏息绝言，自昏达旦。求仙者中坛而坐，手按长刀，口诵神咒，收视反听，迟明登仙。所执銛刀变为宝剑，凌虚履空，王诸仙侣，执剑指麾，所欲皆从，无衰无老，不病不死。”是人既得仙方，行访烈士，营求旷岁，未谐心愿。后于城中遇见一人，悲号逐路。隐士睹其相，心甚庆悦，即而慰问：“何至怨伤？”曰：“我以贫窭，佣力自济。其主见知，特深信用，期满五岁，当酬重赏。于是忍勤苦，忘艰辛。五年将周，一旦违失，既蒙笞辱，又无所得。以此为心，悲悼谁恤？”隐士命与同游，来至草庐，以术力故，化具肴馔。已而令入池浴，肥以新衣，又以五百金钱遗之，曰：“尽当来求，幸无外也。”自时厥后，数加重赂，潜行阴德，感激其心。烈士屡求效命，以报知已。隐士曰：“我求烈士，弥历岁时，幸而会遇，奇貌应图，非有他故，愿一夕不声耳。”烈士曰：“死尚不辞，岂徒屏息？”于是设坛场，受仙法，依方行事，坐待日曛。曛暮之后，各司其务，隐士诵神咒，烈士按銛刀。殆将晓矣，忽发声叫。是时空中火下，烟焰云蒸，隐士疾引此人，入池避难。已而问曰：“诫子无声，何以惊叫？”烈士曰：“受命后，至夜分，昏然若梦，变异更起。见昔事主躬来慰谢，感荷厚恩，忍不报语；彼人震怒，遂见杀害。受中阴身，顾尸叹惜，犹愿历世不言，以报厚德。遂见托生南印度大婆罗门家，乃至受胎出胎，备经苦厄，荷恩荷德，尝不出声。洎乎受业、冠婚、丧亲、生子，每念前恩，忍而不语，宗亲戚属咸见怪异。年过六十有五，我妻谓曰：‘汝可言矣！若不语者，当杀汝子。’我时惟念，已隔生世，自顾衰老，唯此稚子，因止其妻，令无杀害，遂发此声耳。”隐士曰：“我之过也！此魔娆耳。”烈士感恩，悲事不成，愤恚而死。免火灾难，故曰救命；感恩而死，又谓烈士池。6、烈士池西有三兽窣堵波，是如来修菩萨行时烧身之处。劫初时，于此林野，有狐、兔、猿，异类相悦。时天帝释欲验修菩萨行者，降灵应化为一老夫，谓三兽曰：“二三子善安隐乎？无惊惧耶？”曰：“涉丰草，游茂林，异类同欢，既安且乐。”老夫曰：“闻二三子情厚意密，忘其老弊，故此远寻。今正饥乏，何以馈食？”曰：“幸少留此，我躬驰访。”于是同心虚已，分路营求。狐沿水滨，衔一鲜鲤，猿于林树，采异花果，俱来至止，同进老夫。惟兔空还，游跃左右。老夫谓曰：“以吾观之，尔曹未和。猿狐同志，各能役心，惟兔空还，独无相馈。以此言之，诚可知也。”兔闻讥议，谓狐、猿曰：“多积樵苏，方有所作。”狐、猿竞驰，衔草曳木，既已蕴崇，猛焰将炽。兔曰：“仁者，我身卑劣，所求难遂，敢以微躬，充此一餐。”辞毕入火，寻即致死。是时老夫复帝释身，除烬收骸，伤叹良久，谓狐、猿曰：“一何至此！吾感其心，不泯其迹，寄之月轮，传乎后世。”故彼咸言，月中之兔，自斯而有。
战主国,印度迦齐浦尔,战主国,周二千余里,635,,635,,佛舍利窣堵波，不穿耳伽蓝，摩诃娑罗邑及诸遗迹，那罗延天祠，伏鬼窣堵波,土地膏腴，稼穑时播。,,遵习小乘教法，异道杂居。,伽蓝十余所，天祠二十。,僧徒减千人，外道寔众。,,风俗淳质，人性犷烈，邪正兼信。居人丰乐，邑里相邻。,,气序和畅,1、昔大雪山北睹货逻国有乐学沙门，二三同志礼诵余闲，每相谓曰：“妙理幽玄，非言谈所究。圣迹昭著，可足趾所寻。宜询莫逆，亲观圣迹。”于是二三交友杖锡同游。既至印度，寓诸伽蓝，轻其边鄙，莫之见舍。外迫风露，内累口腹，颜色憔悴，形容枯槁。时此国王出游近效，见诸客僧，怪而问曰：“何方乞士？何所因来？耳既不穿，衣又垢弊。”沙门对曰：“我，睹货逻国人也。恭承遗教，高蹈俗尘，率其同好，观礼圣迹。慨以薄福，众所同弃，印度沙门，莫顾羁旅。欲还本土，巡礼未周，虽迫勤苦，心遂后已。”王闻其说，用增悲感，即斯胜地，建立伽蓝，白氎题书，为之制曰：“我惟尊居世上，贵极人中，斯皆三宝之灵祐也。既为人王，受佛付嘱，凡厥染衣，吾当惠济。建此伽蓝，式招羁旅。自今已来，诸穿耳僧，我此伽蓝不得止舍。”因其事迹，故以名焉。2、昔于此处有旷野鬼，恃大威力，啖人血肉，作害生灵，肆极妖祟。如来愍诸众生不得其死，以神通力诱化诸鬼，导以归依之敬，齐以不杀之戒。诸鬼承教，奉以周旋。于是举石请佛安坐，愿闻正法，克念护持。自兹厥后，无信之徒竞共推移鬼置石座，动以千数，莫之能转。3、昔者如来寂灭之后，八国大王分舍利也，量舍利婆罗门蜜涂瓶内，分授诸王，而婆罗门持瓶以归，既得所粘舍利，遂建窣堵波，并瓶置内，因以名焉。后无忧王开取舍利瓶，改建大窣堵波，或至斋日，时烛光明。
吠舍厘国(广严城),,吠舍厘国,周五千余里,635,,635,,"佛说毗摩罗诘经所，佛舍利窣堵波及诸遗迹，无垢称及宝积故宅，庵没罗女园及佛预言涅槃处，重阁讲堂及诸圣迹，湿吠多补罗伽蓝,七百贤圣重结集大窣堵波",土地沃壤，花果茂盛，庵没罗果、茂遮果既多且贵。,,邪正杂信,伽蓝数百，多已圮坏，存者三五，天祠数十,僧徒稀少，异道杂居，露形之徒，寔繁其党,,风俗淳质，好福重学，邪正杂信,,气序和畅,1、舍利子证果东南有窣堵波，是吠舍厘王之所建也。佛涅槃后，此国先王分得舍利，式修崇建。《印度记》曰：“此中旧有如来舍利一斛，无忧王开取九斗，惟留一斗。后有国王复欲开取，方事兴工，寻即地震，遂不敢开。2、庵没罗园侧有窣堵波，是如来告涅槃处。佛昔在此告阿难曰：“其得四神足者，能住寿一劫。如来今者，当寿几何？”如是再三，阿难不对，天魔迷惑故也。阿难从坐而起，林中宴默。时魔来请佛曰：“如来在世教化已久，蒙济流转，数如尘沙，寂灭之乐今其时矣。”世尊以少土置爪上，而告魔曰：“地土多耶？爪土多耶？”对曰：“地土多也。”佛言：“所度者如爪上土，未度者如大地土。却后三月，吾当涅槃。”魔闻欢喜而退。阿难林中忽感异梦，来白佛言：“我在林间，梦见大树，枝叶茂盛，荫影蒙密，惊风忽起，摧散无余。将非世尊欲入寂灭？我心怀惧，故来请问。”佛告阿难：“吾先告汝，汝为魔蔽，不时请留。魔王劝我早入涅槃，已许之期，斯梦是也。”3、昔有仙人，隐居岩谷，仲春之月，鼓濯清流，麀鹿随饮，感生女子，姿貌过人，惟脚似鹿。仙人见已，收而养焉。其后命令求火，至余仙庐，足所履地，迹有莲花。彼仙见已，深以奇之，令其绕庐，方乃得火。鹿女依命，得火而还。时梵豫王畋游见花，寻迹以求，悦其奇怪，同载而返。相师占言，当生千子。余妇闻之，莫不图计。日月既满，生一莲花，花有千叶，叶坐一子。余妇诬罔，咸称不祥，投殑伽河，随波泛滥。乌耆延王下流游观，见黄云盖乘波而来，取以开视，及有千子，乳养成立，有大力焉。恃有千子，拓境四方，兵威乘胜，将次此国。时梵豫王闻之，甚怀震惧，兵力不敌，计无所出。是时鹿女心知其子，乃谓王曰：“今寇戎临境，上下离心，贱妾愚忠，能败强敌。”王未之信也，忧惧良深。鹿女乃升城楼，以待寇至。千子将兵，围城已匝，鹿女告曰：“莫为逆事！我是汝母，汝是我子。”千子谓曰：“何言之谬？”鹿女手按两乳，流注千岐，天性所感，咸入其口。于是解甲归宗，释兵返族，两国交欢，百姓安乐。4、如来自吠舍厘城趣拘尸那国，诸栗呫婆子闻佛将入寂灭，相从号送。世尊既见哀慕，非言可谕，即以神力化作大河，崖岸深绝，波流迅急，诸栗呫婆子悲恸以止，如来留钵，作为追念。5、吠舍厘城西北减二百里，有故城，荒芜岁久，居人旷少。中有窣堵波，是佛在昔为诸菩萨、人、天大众引说本生，修菩萨行，曾于此城为转轮王，号曰摩诃提婆。(唐言大天。)有七宝应，王四天下，睹衰变之相，体无常之理，冥怀高蹈，忘情大位，舍国出家，染衣修学。6、城东南行十四五里，至大窣堵波，是七百贤圣重结集处。佛涅槃后百一十年，吠舍厘城有诸苾刍，远离佛法，谬行戒律。时长老耶舍陁住憍萨罗国，长老三菩伽住秣菟罗国，长老厘波多住韩若国，长老沙罗住吠舍厘国，长老富阇苏弥罗住波罗梨弗国。诸大罗汉心得自在，持三藏，得三明，有大名称，众所知识，皆是尊者阿难弟子。时耶舍陁遣使告诸贤圣，皆可集吠舍厘城。犹少一人，未满七百。是时富阇苏弥罗以天眼见诸大贤圣集议法事，运神足至法会。时三菩伽于大众中右袒长跪，扬言曰：“众无哗！钦哉，念哉！昔大圣法王善权寂灭，岁月虽淹，言教尚在。吠舍厘城懈怠苾刍谬于戒律，有十事出，违十力教。今诸贤者深明持犯，惧承大德阿难指诲，念报佛恩，重宣圣旨。”时彼大众莫不悲感，即召集诸苾刍，依毗奈耶，诃责制止，削除谬法，宣明圣教。7、阿难陁者，如来之从父弟也，多闻总持，博物强识，佛去世后断大迦叶任持正法，导进学人。在摩揭陁国，于林中经行，见一沙弥讽诵佛经，章句错谬，文字纷乱。阿难闻已，感慕增怀，徐诣其所，提撕指授。沙弥笑曰：“大德耄矣，所言谬矣！我师高明，春秋鼎盛，亲承示诲，诚无所误。”阿难默然，退而叹曰：“我年虽迈，为诸众生，欲久住世，住持正法。然众生垢重，难以诲语，久留无利，可速灭度。”于是去摩揭陁国，趣吠舍厘城，渡殑伽河，泛舟中流。摩揭陁王闻阿难去，情深恋德，即严戎驾，疾驰追请，数百千众营军南岸。吠舍厘王闻阿难来，悲喜盈心，亦治军旅，奔驰迎候，数百千众屯集北岸。两军相对，旌旗翳日。阿难恐斗其兵，更相杀害，从舟中起，上升虚空，示现神变，即入寂灭，化火焚骸，骸又中析，一堕南岸，一堕北岸。于是二王各得一分，举军号恸，俱还本国，起窣堵波，而修供养。
占戍拿城（弗栗恃国国都）,达尔般迦北部,弗栗恃国,周四千余里，东西长，南北狭。,635,,635,,化度渔人处及诸遗迹，城西窣堵波,土地膏腴，花果茂盛。,,大小二乘，兼功通学，外道,伽蓝十余所，天祠数十。,僧徒减千人，外道寔众。,,人性躁急，多敬外道，少信佛法。,,气序微寒,1、越在佛世，五百渔人结畴附党，渔捕水族，于此河流得一大鱼，有十八头，头各两眼。诸渔人方欲害之，如来在吠舍厘国，天眼见，兴悲心，乘其时而化导，因其机而启悟，告诸大众：“弗栗恃国有大鱼，我欲导之，以悟诸渔人，尔宜知时。”于是大众围绕，神足凌虚，至于河滨，如常敷座。遂告诸渔人：“尔勿杀鱼。”以神通力，开方便门，威被大鱼，令知宿命，能作人语，贯解人情。尔时如来知而故问：“汝在前身，曾作何罪，流转恶趣，受此弊身？”鱼曰：“昔承福庆，生自豪族，大婆罗门劫比他者，我身是也。恃其族姓，凌蔑人伦，恃其博物，鄙贱经法。以轻慢心毁讟诸佛，以丑恶语詈辱众僧，引类形比，谓若驼、驴、象、马，诸丑形对。由此恶业，受此弊身。尚资宿善，身遭佛世，目睹圣化，亲承圣教。因而忏谢，悔先作业。”如来随机摄化，如应开导。鱼既闻法，于是命终。承兹福力，上生天宫。于是自观其身，何缘生此，既知宿命，念报佛恩，与诸天众，肩随戾止，前礼既毕，右绕退立，以天宝香花，持用供养。世尊指告渔人，为说妙法，俱即感悟，输诚礼忏，裂网焚舟，归真受法。既服染衣，又闻至教，皆出尘垢，俱证圣果。
尼波罗国,尼泊尔加德满都谷地,尼波罗国,周四千余里,635,,635,,小水池,宜谷稼，多花果，出赤铜、犛牛、命命鸟,,大小二乘，兼功综习。外道异学，其数不详。,伽蓝、天祠接堵连隅。,僧徒二千余人,货用赤铜钱,风俗险诐，人性刚犷，信义轻薄。无学艺，有工巧。形貌丑弊，邪正兼信。,在雪山中，山川连属,气序寒烈,1、鸯输伐摩王，硕学聪睿，自制《声明论》，重学敬德，遐迩著闻。
摩揭陁国（上）,印度比哈尔邦的巴特那和加雅两地,摩揭陁国,周五千余里,635,,635,,波吒厘子城，无忧王地狱处，无忧王建舍利塔，如来足迹石，无忧王大石柱，故宫北大石室，无忧王诸营造遗迹，鸡园僧伽蓝，阿摩落迦窣堵波，建揵椎声窣堵波，马鸣遗迹，鞮罗择迦伽蓝及附近佛遗迹，戒贤伽蓝,地沃壤，滋稼穑，有异稻种，其粒粗大，香味殊越，光色特甚，彼俗谓之供大人米。,,多宗习大乘法教，异道寔多,伽蓝五十余所，天祠数十,僧徒万有余人，异道寔多,,风欲淳质，崇重志学，尊敬佛法。,土地垫湿，邑居高原。孟夏之后，仲秋之前，平居流水，可以泛舟。,气序湿暑,1、初，有婆罗门高才博学，门人数千，传以授业。诸学徒相从游观，有一书生徘徊怅望。同俦谓曰：“夫何忧乎？”曰：“盛色方刚，羁游履影，岁月已久，艺业无成。顾此为言，忧心弥剧。”于是学徒戏言之曰：“今将为子求娉婚亲。”乃假立二人为男父母，二人为女父母，遂坐波吒厘树，谓女婿树也。采时果，酌清流，陈婚姻之绪，请好合之期。时假女父攀花枝以授书生曰：“斯嘉偶也，幸无辞焉。”书生之心欣然自得，日暮言归，怀恋而止。学徒曰：“前言戏耳！幸可同归。林中猛兽恐相残害。”书生遂留，往来树侧。景夕之后，异光烛野，管弦清雅，帷帐陈列。俄见老翁策杖来慰，复有一妪携引少女，并宾从盈路，袨服奏乐。翁乃指少女曰：“此君之弱室也。”酣歌乐宴，经七日焉。学徒疑为兽害，往而求之，乃见独坐树阴，若对上客，告与同归，辞不从命。后自入城，拜谒亲故，说其始末。闻者惊骇，与诸友人同往林中，咸见花树是一大第，童仆役使驰驱往来，而彼老翁从容接对，陈馔奏乐，宾主礼备。诸友还城，具告远近。期岁之后，生一子男。谓其妻曰：“吾今欲归，未忍离阻。适复留止，栖寄飘露。”其妻既闻，具以白父。翁谓书生曰：“人生行乐，讵必故乡？今将筑室，宜无异志。”于是役使灵徒，功成不日。香花旧城，迁都此邑。由彼子故，神为筑城，自尔之后，因名波吒厘子城焉。2、初，无忧王嗣位之后，举措苛暴，乃立地狱，作害生灵。周垣峻峙，隅楼特起，猛焰洪炉，銛锋利刃，备诸苦具，拟像幽涂，招募凶人，立为狱主。初以国中犯法罪人，无校轻重，总入涂炭。后以行经狱次，擒以诛戮，至者皆死，遂灭口焉。时有沙门，初入法众，巡里乞食，遇至狱门，狱吏凶人擒欲残害。沙门惶怖，请得礼忏。俄见一人缚来入狱，斩截手足，磔裂形骸，俯仰之间，肢体糜散。沙门见已，深增悲悼，成无常观，证无学果。狱卒曰：“可以死矣。”沙门既证圣果，心夷生死，虽入镬汤，若在清池，有大莲花而为之座。狱主惊骇，驰使白王，王遂躬观，深赞灵祐。狱主曰：“大王当死。”王曰：“云何？”对曰：“王先垂命，令监刑狱，凡至狱垣皆从杀害，不云王入而独免死。”王曰：“法已一定，理无再变。我先垂令，岂除汝身？汝久滥生，我之咎也。”即命狱卒，投之洪炉。狱主既死，王乃得出，于是颓墙堙壍，废狱宽刑。3、地狱南不远有窣堵波，基址倾陷，惟余覆钵之势，宝为厕饰，石作栏槛，即八万四千之一也。无忧王以人功建于宫中焉。中有如来舍利一升，灵鉴间起，神光时烛。无忧王废狱之后，遇近护大阿罗汉，方便善诱，随机导化。王谓罗汉曰：“幸以宿福，位据人尊，慨兹障累，不遭佛化。今者如来遗身舍利，欲重修建诸窣堵波。”罗汉曰：“大王以福德力，役使百灵，以弘誓心匡护三宝，是所愿也，今其时矣。”因为广说献土之因，如来悬记兴建之功。无忧王闻以庆悦，召集鬼神而令之曰：“法王导利，含灵有庆，我资宿善，尊极人中。如来遗身，重修供养，今尔鬼神戮力同心！境极赡部，户满拘胝，以佛舍利起窣堵波。心发于我，功成于汝，胜福之利，非欲独有，宜各营构，待后告命。”鬼神受旨，在所兴功，功既成已，咸来请命。无忧王既开八国所建诸窣堵波，分其舍利，付鬼神已，谓罗汉曰：“我心所欲，诸处同时藏下舍利。心虽此冀，事未从欲。”罗汉白王：“命鬼神至所期日，日有隐蔽，其状如手，此时也，宜下舍利。”王承此旨，宣告鬼神。逮乎期日，无忧王观候光景，日正中时，罗汉以神通力，伸手蔽日，营建之所咸皆瞻仰，同于此时功绩咸毕。4、窣堵波侧不远，精舍中有大石，如来所履，双迹犹存，其长尺有八寸，广余六寸矣。两迹俱有轮相，十指皆带花文，鱼形映起，光明时照。昔者如来将取寂灭，北趣拘尸那城，南顾摩揭陁国，蹈此石上，告阿难曰：“吾今最后留此足迹，将入寂灭，顾摩揭陁也。百岁之后，有无忧王命世君临，建都此地，匡护三宝，役使百神。”及无忧王之嗣位也，迁都筑邑，掩周迹石，既近宫城，恒亲供养。后诸国王竟欲举归，石虽不大，众莫能转。近者设赏迦王毁坏佛法，遂即石所，欲灭圣迹，凿已还平，文彩如故。于是捐弃殑伽河流，寻复本处。其侧窣堵波，即过去四佛坐及经行遗迹之所。5、初，无忧王有同母弟，名摩醯因陁罗，(唐言大帝。)生自贵族，服僣王制，奢侈纵暴，众庶怀怨。国辅老卧进谏王曰：“骄弟作威，亦已太甚。夫政平则国治，人和则主安，古之明训，由来久矣。愿存国典，收付执法。”无忧王泣谓弟曰：“吾承基绪，覆焘生灵，况尔同胞，岂忘惠爱？不先匡导，已陷刑法。上惧先灵，下迫众议。”摩醯因陁罗稽首谢曰：“不自谨行，敢干国宪，愿赐再生，更宽七日。”于是置诸幽室，严加守卫，珍羞上馔，进贡无亏。守者唱曰：“已过一日，余有六日。”至第六日已，既深忧惧，更励身心，便获果证。升虚空，示神迹，寻出尘俗，远栖岩谷。无忧王躬往谓曰：“昔拘国制，欲致严刑。岂意清升，取证圣果。既无滞累，可以还国。”弟曰：“昔羁爱网，心驰声色，今出危城，志悦山谷。愿弃人间，长从谷壑。”王曰：“欲静心虑，岂必幽若？吾从尔志，当为崇树。”遂召命鬼神而告之曰：“吾于后日广备珍羞，尔曹相率来集我会，各持大石，自为床坐。”诸神受命，至期毕萃。众会既已，王告神曰：“石座纵横，宜自积聚。因功不劳，垒为虚室。”诸神受命，不日而成。无忧王躬往迎请，止此山庐。6、《印度记》曰：昔无忧王建八万四千窣堵波已，尚余五升舍利，故别崇建五窣堵波，制奇诸处，灵异间起，以表如来五分法身。薄信之徒窃相评议，云是昔者难陁王建此五藏，以储七宝。其后有王，不甚淳信，闻先疑议，肆其贪求，兴动军师，躬临发掘。地震山倾，云昏日翳，窣堵波中大声雷震，士卒僵仆，象马惊奔。自兹已降，无敢觊觎。或曰：“众议虽多，未为确论。”循古所记，信得其实。7、阿摩落迦者，印度药果之名也。无忧王遘疾弥留，知命不济，欲舍珍宝，崇树福田。权臣执政，诫勿从欲。其后因食，留阿摩落果，玩之半烂，握果长息，问诸臣曰：“赡部洲主今是何人？”诸臣对曰：“惟独大王。”王曰：“不然。我今非主。惟此半果，而得自在。嗟乎！世间富贵，危甚风烛。位据区宇，名高称谓，临终匮乏，见逼强臣，天下非己，半果斯在！”乃命侍臣而告之曰：“持此半果，诣彼鸡园，施诸众僧，作如是说：‘昔一赡部洲主，今半阿摩落王，稽首大德僧前，愿受最后之施。凡诸所有，皆已丧失，惟斯半果，得少自在。哀愍贫乏，增长福种。’”僧中上座作如是言：“无忧大王宿期弘济，疟疾在躬，奸臣擅命，积宝非己，半果为施。承王来命，普施众僧。”即召典事，羹中总煮，收其果核，起窣堵波。既荷厚恩，遂旌顾命。8、初，此城内伽蓝百数，僧徒肃穆，学业清高，外道学人销声缄口。其后僧徒相次殂落，而诸后进莫继前修。外道师资，传训成艺，于是命俦召侣，千计万数，来集僧坊，扬言唱曰：“大击揵椎，招集学人！”群愚同止，谬有扣击，遂白王，请校优劣。外道诸师高才达学，僧徒虽众，辞论庸浅。外道曰：“我论胜。自今以后，诸僧伽蓝不得击揵椎以集众也。”王允其请，依先论制。僧徒受耻，忍诟而退，十二年间不击揵椎。时南印度那伽阏剌树那菩萨(唐言龙猛，旧译曰龙树，非也，)幼传雅誉，长擅高名，舍离欲爱，出家修学，深究妙理，位登初地。有大弟子提婆者，智慧明敏，机神警悟，白其师曰：“波吒厘城诸学人等辞屈外道，不击揵椎，日月骤移，十二年矣。敢欲摧邪见山，然正法炬。”龙猛曰：“波吒厘城外道博学，尔非其俦，吾今行矣。”提婆曰：“欲摧腐草，讵必倾山？敢承指诲，黜诸异学。大师立外道义，而我随文破析，详其优劣，然后图行。”龙猛乃扶立外义，提婆随破其理，七日之后，龙猛失宗，已而叹曰：“谬辞易失，邪义难扶，尔其行矣，摧彼必矣！”提婆菩萨夙擅高名，波吒厘城外道闻之也，即相召集，驰白王曰：“大王昔纡听览，制诸沙门不击揵椎，愿垂告命，令诸门候，邻境异僧勿使入城，恐相党援，轻改先制。”王允其言，严加伺候。提婆既至，不得入城。闻其制令，便易衣服，叠僧伽胝，置草束中，褰裳疾驱，负戴而入。既至城中，弃草披衣，至此伽蓝，欲求止息。知人既寡，莫有相舍，遂宿揵椎台上。于晨朝时，便大振击。众闻伺察，乃昨客游比丘。诸僧伽蓝，传声响应，王闻究问，莫得其先。至此伽蓝，咸推提婆。提婆曰：“夫揵椎者，击以集众。有而不用，悬之何为？”王人报曰：“先时僧众论议堕负，制之不击，已十二年。”提婆曰：“有是乎？吾于今日，重声法鼓。”使报王曰：“有异沙门欲雪前耻。”王乃召集学人，而定制曰：“论失本宗，杀身以谢。”于是外道竞陈旗鼓，喧谈异议，各曜辞锋。提婆菩萨既升论座，听其先说，随义折破，曾不浃辰，摧诸异道。国王大臣莫不庆悦，建此灵基，以旌至德。9、初，此城中有婆罗门，葺宇荒薮，不交世路，祠鬼求福，魍魉相依，高论剧谈，雅辞响应。人或激难，垂帷以对。旧学高才，无出其右，士庶翕然，仰之犹圣。有阿湿缚窭沙(唐言马鸣)。菩萨者，智周万物，道播三乘，每谓人曰：“此婆罗门学不师受，艺无稽古，屏居幽寂，独擅高名，将非神鬼相依，妖魅所附，何能若是者乎？夫辩资鬼授，言不对人，辞说一闻，莫能再述，吾今往彼，观其举措。”遂即其庐，而谓之曰：“仰钦盛德，为日已久。幸愿褰帷，敢伸宿志。”而婆罗门居然简傲，垂帷以对，终不面谈。马鸣心知鬼魅，情甚自负，辞毕而退，谓诸人曰：“吾已知之，摧彼必矣。”寻往白王：“唯愿垂许，与彼居士较论剧谈。”王闻骇曰：“斯何人哉！若不证三明，具六通，何能与彼论乎？”命驾躬临，详鉴辩论。是时马鸣论三藏微言，述五明大义，妙辩纵横，高论清远，而婆罗门既述辞已，马鸣重曰：“失吾旨矣，宜重述之。”时婆罗门默然杜口，马鸣叱曰：“何不释难？所事鬼魅宜速授辞！”疾褰其帷，视占其怪。婆罗门惶遽而曰：“止！止！”马鸣退而言曰：“此子今晨声闻失坠。虚名非久，斯之谓也。”王曰：“非夫盛德，谁鉴左道？知人之哲，绝后光前。国有常典，宜旌茂实。”10、初，此山中有外道摩沓婆者，祖僧佉之法而习道焉。学穷内外，言极空有，名高前列，德重当时，君王珍敬，谓之国宝，臣庶宗仰，咸曰家师。邻国学人承风仰德，俦之先进，诚博达也。食邑二城，环居封建。时南印度德慧菩萨幼而敏达，早擅精徽，学通三藏，理穷四谛。闻摩沓婆论极幽微，有怀挫锐，命一门人裁书谓曰：“敬问摩沓婆善安乐也。宜忘劳弊，精习旧学，三年之后，摧汝嘉声。”如是第二、第三年中，每发使报。及将发迹，重裁书曰：“年期已极，学业何如？吾今至矣，汝宜知之。”摩沓婆甚怀惶惧，诫诸门人及以邑户：“自今之后，不得居止沙门异道。”递相宣告，勿有犯违。时德慧菩萨杖锡而来，至摩沓婆邑，邑人守约，莫有相舍，诸婆罗门更詈之曰：“断发殊服，何异人乎？宜时速去，勿此止也！”德慧菩萨欲摧异道，冀宿其邑，因以慈心，卑辞谢曰：“尔曹世谛之净行，我又胜义谛之争行，净行既同，何为见拒？”婆罗门因不与言，但事驱逐。逐出邑外，入大林中。林中猛兽，群行为暴，有净信者恐为兽害，乃束蕴持杖，谓菩萨曰：“南印度有德慧菩萨者，远传声问，欲来论议，故此邑主惧坠嘉声，重垂严制，勿止沙门。恐为物害，故来相援。行矣自安，勿有他虑。”德慧曰：“良告净信，德慧者，我是也。”净信闻已，更深恭敬，谓德慧曰：“诚如所告，宜可速行。”即出深林，止息空泽。净信纵火持弓，周旋左右，夜分已尽，谓德慧曰：“可以行矣，恐人知闻，来相图害。”德慧谢曰：“不敢忘德。”于是遂行，至王宫，谓门者曰：“今有沙门，自远而至，愿王垂许，与摩沓婆论。”王闻惊曰：“此妄人耳。”即命使臣往摩沓婆所，宣王旨曰：“有异沙门来求谈论，今已莹洒论场，宣告远近，伫望来仪，愿垂降趾。”摩沓婆问王使曰：“岂非南印度德慧论师乎？”曰：“然。”摩沓婆闻，心甚不悦，事难辞免，遂至论场。国王、大臣、士庶、豪族，咸皆集会，欲听高谈。德慧先立宗义，洎乎景落，摩沓婆辞以年衰，智昏捷对，请归静思，方酬来难。每事言归，及旦升座，竟无异论。至第六日，欧血而死。其将终也，顾命妻曰：“尔有高才，无忘所耻！”摩沓婆死，匿不发丧，更服鲜绮，来至论会。众咸喧哗，更相谓曰：“摩沓婆自负才高，耻对德慧，故遣妇来，优劣明矣。”德慧菩萨谓其妻曰：“能制汝者，我已制之。”摩沓婆妻知难而退。王曰：“何言之密，彼便默然？”德慧曰：“惜哉，摩沓婆死矣！其妻欲来与我论耳。”王曰：“何以知之？愿垂指告。”德慧曰：“其妻之来也，面有死丧之色，言含哀怨之声，以故知之，摩沓婆死矣。能制汝者，谓其夫也。”王命使往观，果如所议。王乃谢曰：“佛法玄妙，英贤继轨，无为守道，含识沾化，依先国典，褒德有常。”德慧曰：“苟以愚昧，体道居贞，存止足，论济物，将弘汲引，先摧傲慢，方便摄化，今其时矣。唯愿大王以摩沓婆邑户子孙千代常充增伽蓝人，则垂诫来叶，流美无穷。唯彼净信见匡护者福延于世，食用同僧，以劝清信，以褒厚德。”于是建此伽蓝，式旌胜迹。初，摩沓婆论败之后，十数净行逃难邻国，告诸外道耻辱之事，招募英俊，来雪前耻。王既珍敬德慧，躬往请曰：“今诸外道不自量力，结党连群，敢声论鼓，惟愿大师摧诸异道。”德慧曰：“宜集论者。”于是外道学人欣然相慰：“我曹今日，胜其必矣。”时诸外道阐扬义理，德慧菩萨曰：“今诸外道逃难远游，如王先制，皆是贱人，我今如何与彼对论？”德慧有负座竖，素闻余论，颇闲微言，侍立于侧，听诸高谈。德慧拊其座而言曰：“床，汝可论。”众咸惊骇，异其所命。时负座竖便即发难，深义泉涌，清辩响应。三复之后，外道失宗，重挫其锐，再折其翮。自伏论已来，为伽蓝邑户。11、论师，三摩呾吒国之王族，婆罗门之种也。少好学，有风操，游诸印度，询求明哲。至此国那烂陁僧伽蓝，遇护法菩萨，闻法信悟，请服染衣，谘以究竟之致，问以解脱之路。既穷至理，亦究微言，名擅当时，声高异域。南印度有外道，探赜素隐，穷幽洞微，闻护法高名，起我慢深嫉，不阻山川，击鼓求论，曰：“我，南印度人也。承王国内有大论师，我虽不敏，愿与详议！”王曰：“有之，诚如议也。”乃命使臣请护法曰：“南印度有外道，不远千里，来求较论。惟愿降迹，赴集论场。”护法闻已，摄衣将往。门人戒贤者，后进之翘楚也，前进请曰：“何遽行乎？”护法曰：“自慧日潜晖，传灯寂照，外道蚁聚，异学蜂飞，故我今者，将摧彼论。”戒贤曰：“恭闻余论，敢摧异道。”护法知其俊也，因而允焉。是时戒贤年甫三十，众轻其少，恐难独任。护法知众心之不平，乃解之曰：“有贵高明，无云齿岁，以今观之，破彼必矣。”逮乎集论之日，远近相趋，少长咸萃。外道弘闻大猷，尽其幽致；戒贤循理责实，深极幽玄。外道辞穷，蒙耻而退。王用酬德，封此邑城。论师辞曰：“染衣之士，事资知足，清净自守，何以邑为？”王曰：“法王晦迹，智舟沦湑，不有旌别，无励后学。为弘正法，愿垂哀纳。”论师辞不获已，受此邑焉。便建伽蓝，穷诸规矩，舍其邑户，式修供养。
伽耶城,印度加雅,摩揭陁国,,636,,637,,圣水，伽耶山，迦叶波本生邑窣堵波，迦耶迦叶波、捺地迦叶波事火之处，菩提树垣，金刚座，菩提树东精舍，如来成道及诸奉佛遗迹，郁金香窣堵波，菩提树垣附近诸迹，南门外遗迹，东门外遗迹，北门外摩诃菩提僧伽蓝，香象池，外道发恶愿处，鸡足山，佛陀伐那山，杖林附近诸迹，阿素洛宫，栈道,,,,,,,王所不臣，众咸宗敬。,甚险固，少居人，唯婆罗门有千余家，大仙人之祚胤也。伽耶山溪谷沓冥，峰岩危险,,1、城北三十余里，有清泉，印度相传谓之圣水，凡有饮濯，罪垢消除。城西南五六里至伽耶山。溪谷沓冥，峰岩危险，印度国俗称曰灵山。自昔君王驭宇承统，化洽远人，德隆前代，莫不登封而告成功。山顶上有石窣堵波，高百余尺，无忧王之所建也，灵鉴潜被，神光时烛，昔如来于此演说《宝云》等经。2、如来勤求六岁，未成正觉，后舍苦行，示受乳糜，行自东北，游目此山，有怀幽寂，欲证正觉。自东北冈登以至顶，地既震动，山又倾摇。山神惶惧，告菩萨曰：“此山者，非成正觉之福地也。若止于此，入金刚定，地当震陷，山亦倾覆。”菩萨下自西南，止半崖中，背岩面涧，有大石室，菩萨即之，加跌坐焉，地又震动，山复倾摇。时净居天空中唱曰：“此非如来成正觉处。自此西南十四五里，去苦行处不远，有卑钵罗树，下有金刚座，去来诸佛咸于此座而成正觉，愿当就彼。”菩萨方起，室中龙曰：“斯室清胜，可以证圣，唯愿慈悲，勿有遗弃。”菩萨既知非取证所，为遂龙意，留影而去。(影在昔日，贤愚咸睹，洎于今时，或有得见。)诸天前导，往菩提树。逮乎无忧王之兴也，菩萨登山上下之迹，皆树旌表，建窣堵波，度量虽殊，灵应莫异，或花雨空中，或光照幽谷。每岁罢安居日，异方法俗，登彼供养，信宿乃还。3、菩提树垣正中，有金刚座。昔贤劫初成，与大地俱起，据三千大千世界之中，下极金轮，上侵地际，金刚所成，周百余步，贤劫千佛坐之而入金刚定，故曰金刚座焉。证圣道所，亦曰道场，大地震动，独无倾摇。是故如来将证正觉也，历此四隅，地皆倾动，后至此处，安静不倾。自入末劫，正法浸微，沙土弥覆，无复得见。佛涅槃后，诸国君王传闻佛说金刚座量，遂以两躯观自在菩萨像南北标界，东面而坐。闻诸耆旧曰：“此菩萨像身没不见，佛法当尽。”今南隅菩萨没过胸臆矣。4、金刚座上菩提树者，即毕钵罗之树也。昔佛在世，高数百尺，屡经残伐，犹高四五丈。佛坐其下成等正觉，因而谓之菩提树焉。茎干黄白，树叶青翠，冬夏不凋，光鲜无变。每至如来涅槃之日，叶皆凋落，顷之复故。是日也，诸国君王，异方法俗，数千万众，不召而集，香水香乳，以溉以洗，于是奏音乐，列香花，灯炬继日，竞修供养。如来寂灭之后，无忧王之初嗣位也，信受邪道，毁佛遗迹，兴发兵徒，躬临剪伐。根茎枝叶，分寸斩截，次西数十步而积聚焉，令事火婆罗门烧以祠天。烟焰未静，忽生两树，猛火之中，茂叶含翠，因而谓之灰菩提树。无忧王睹异悔过，以香乳溉余根，洎乎将旦，树生如本。王见灵怪，重深欣庆，躬修供养，乐以忘归。王妃素信外道，密遣使人，夜分之后，重伐其树。无忧王旦将礼敬，惟见蘖株，深增悲慨，至诚祈请，香乳溉灌，不日还生。王深敬异，叠石周垣，其高十余尺，今犹见在。近设赏迦王者，信受外道，毁嫉佛法，坏僧伽蓝，伐菩提树，掘至泉水，不尽根柢，乃纵火焚烧，以甘蔗汁沃之，欲其焦烂，绝灭遗萌。数月后，摩揭陁国补剌拿伐摩王，(唐言满胄)无忧王之末孙也，闻而叹曰：“慧日已隐，惟余佛树，今复摧残，生灵何睹？”举身投地，哀感动物。以数千牛构乳而溉，经夜树生，其高丈余。恐后剪伐，周峙石垣，高二丈四尺。故今菩提树隐于石壁，上出二丈余。5、初，有婆罗门不信佛法，事大自在天，传闻天神在雪山中，遂与其弟往求愿焉。天曰：“凡诸愿求，有福方果。非汝所求，非我能遂。”婆罗门曰：“修何福可以遂心？”天曰：“欲植善种，求胜福田，菩提树者，证佛果处也。宜时速返，往菩提树，建大精舍，穿大水池，兴诸供养，所愿当遂。”婆罗门受天命，发大信心，相率而返，兄建精舍，弟凿水池，于是广修供养，勤求心愿，后皆果遂，为王大臣，凡得禄赏，皆入檀舍。精舍既成，招募工人，欲图如来初成佛像。旷以岁月，无人应召。久之，有婆罗门来告众曰：“我善图写如来妙相。”众曰：“今将造像，夫何所须？”曰：“香泥耳。宜置精舍之中，并一灯照我，入已，坚闭其户，六月后乃可开门。”时诸僧众皆如其命。尚余四日，未满六日，众咸骇异，开以观之。见精舍内佛像俨然，结加跌坐，右足居上，左手敛，右手垂，东面而坐，肃然如在。座高四尺二寸，广丈二尺五寸，像高丈一尺五寸，两膝相去八尺八寸，两肩六尺二寸，相好具足，慈颜若真，惟右乳上涂莹未周。既不见人，方验神鉴，众咸悲叹，殷勤请知。有一沙门，宿心淳质，乃感梦见往婆罗门而告曰：“我是慈氏菩萨，恐工人之思不测圣容，故我躬来图写佛像。垂右手者，昔如来之将证佛果，天魔来娆，地神告至，其一先出，助佛降魔，如来告曰：‘汝勿忧怖，吾以忍力，降彼必矣。’魔王曰：‘谁为明证？’如来乃垂手指地，言：‘此有证。’是时第二地神踊出作证，故今像手仿昔下垂。”众知灵鉴，莫不悲感。于是乳上未周，填厕众宝，珠璎宝冠，奇珍交饰。设赏迦王伐菩提树已，欲毁此像，既睹慈颜，心不安忍，回驾将返，命宰臣曰：“宜除此佛像，置大自在天形。”宰臣受旨，惧而叹曰：“毁佛像则历劫招殃，违王命乃丧身灭族，进退若此，何所宜行？”乃召信心以为役使，遂于像前横垒砖壁，心惭冥暗，又置明灯，砖壁之前画自在天。功成报命，王闻心惧，举身生疱，肌肤攫裂，居未久之，便丧没矣。宰臣驰返，毁除障壁，时经多日，灯犹不灭。像今尚在，神工不亏。既处奥室，灯炬相继，欲睹慈颜，莫由审察，必于晨朝持大明镜，引光内照，乃睹灵相。夫有见者，自增悲感。6、如来以印度吠舍佉月后半八日成等正觉，当此三月八日也。上座部则吠舍佉月后半十五日成等正觉，当此三月十五日也。是时如来年三十矣。或曰年三十五矣。7、菩萨既濯尼连河，将趣菩提树，窃自惟念何以为座，寻自发明当须净草。天帝释化其身为刈草人，荷而逐路。菩萨谓曰：“所荷之草颇能惠耶？”化人闻命，恭以草奉，菩萨受已，执而前进。8、昔漕矩吒国有大商主，宗事天神，祠求福利，轻蔑佛法，不信因果。其后将诸商侣，贸迁有无，泛舟南海，遭风失路，波涛飘浪，时经三岁，资粮罄竭，糊口不充。同舟之人，朝不谋夕，戮力同志，念所事天，心虑已劳，冥功不济。俄见大山，崇崖峻岭，两日联晖，重明照朗。时诸商侣更相慰曰：“我曹有福，遇此大山，宜于中止，得自安乐。”商主曰：“非山也，乃摩竭鱼耳。崇崖峻岭，须鬛也；两日联晖，眼光也。”言声未静，舟帆飘凑。于是商主告诸侣曰：“我闻观自在菩萨于诸危厄能旋安乐，宜各至诚，称其名字。”遂即同声，归命称念。崇山既隐，两日亦没。俄见沙门，威仪庠序，杖锡凌虚，而来拯溺，不逾时而至本国矣。因即信心贞固，求福不回，建窣堵波，式修供养，以郁金香泥而周涂上下。既发信心，率其同志，躬礼圣迹，观菩提树。未暇言归，已淹晦朔。商侣同游，更相谓曰：“山川悠间，乡国辽远，昔所建立窣堵波者，我曹在此，谁其洒扫？”言讫，旋绕至此，忽见有窣堵波，骇其由致，即前瞻察，乃本国所建窣堵波也。故今印度因以郁金为名。9、帝释化池东林中，有目支邻陁龙王池，其水清黑，其味甘美。西岸有小精舍，中作佛像。昔如来初成正觉，于此宴坐，七日入定。时此龙王警卫如来，即以其身绕佛七匝，化出多头，俯垂为盖，故池东岸有其室焉。10、菩萨苦行卑钵罗树侧，有窣堵波，是阿若憍陈如等五人住处。初，太子之舍家也，彷徨山泽，栖息林泉，时净饭王乃命五人随瞻侍焉。太子既修苦行，憍陈如等亦即勤求。11、憍陈如等住处东南，有窣堵波，菩萨入尼连禅那河沐浴之处。河侧不远，菩萨于此受食乳糜。其侧窣堵波，二长者献麨蜜处。佛在树下结加跌坐，寂然宴默，受解脱乐，过七日后，方从定起。时二商主行次林外，而彼林中神告商主曰：“释种太子今在此中，初证佛果，心凝寂定，四十九日未有所食，随有奉上，获大善利。”时二商主各持行资麨蜜奉上，世尊纳受。12、现神变侧有窣堵波，如来度优楼频螺迦叶波三兄弟及千门人处。如来方垂善导，随应降伏，时优楼频螺迦叶波五百门人请佛教，迦叶波曰：“吾亦与尔俱返迷途。”于是相从来至佛所。如来告曰：“弃鹿皮衣，舍祭火具。”时诸梵志恭承圣教，以其服用投尼连河。捺地迦叶波见诸祭器随流漂泛，与其门人候兄动静，既见改辙，亦随染衣。伽耶迦叶波与二百门人闻其兄之舍法也，亦至佛所，愿修梵行。13、度迦叶波兄弟西北窣堵波，是如来伏迦叶波所事火龙处。如来将化其人，先伏所宗，乃至梵志火龙之室。夜分已后，龙吐烟焰，佛既入定，亦起火光，其室洞然，猛焰炎炽。诸梵志师恐火害佛，莫不奔赴，悲号愍惜。优楼频螺迦叶波谓其徒曰：“以今观之，未必火也，当是沙门伏火龙耳。”如来乃以火龙盛置钵中，清旦持示外道门人。其侧窣堵波，五百独觉同入涅槃处也。14、目支邻陁龙池南窣堵波，迦叶波救如来溺水处也。迦叶兄弟时推神通，远近仰德，黎庶归心。世尊方导迷徒，大权摄化，兴布密云，降澍暴雨，周佛所居，令独无水。迦叶是时见此云雨，谓门人曰：“沙门住处将不漂溺？”泛舟来救，乃见世尊履水如地，蹈河中流，水分沙现。迦叶见已，心伏而退。15、菩提树垣东门外二三里，有盲龙室。此龙者，殃累宿积，报受生盲。如来自前正觉山欲趣菩提树，途次室侧，龙眼忽明，乃见菩萨将趣佛树，谓菩萨曰：“仁今不久当成正觉。我眼盲冥，于兹已久，有佛兴世，我眼辄明，贤劫之中，过去三佛出兴世时，已得明视。仁今至此，我眼忽开，以故知之，当成佛矣。”16、菩提树垣东门侧，有窣堵波，魔王怖菩萨之处。初，魔王知菩萨将成正觉也，诱乱不遂，忧惶无赖，集诸神众，齐整魔军，治兵振旅，将胁菩萨。于是风雨飘注，雷电晦冥，纵火飞烟，扬沙激石，备矛盾之具，极弦矢之用。菩萨于是入大慈定，凡厥兵杖变为莲华。魔军骇怖，奔驰退散。其侧不远有二窣堵波，帝释、梵王之所建也。17、昔者，南海僧伽罗国，其王淳信佛法，发自天然。有族弟出家，想佛圣迹，远游印度，寓诸伽蓝，咸轻边鄙。于是返迹本国，王躬远迎，沙门悲耿，似若不能言。王曰：“将何所负，若此殷忧？”沙门曰：“凭恃国威，游方问道，羁旅异域，载罹寒暑，动遭凌辱，语见讥诮。负斯忧耻，讵得欢心？”王曰：“若是者何谓也？”曰：“诚愿大王福田为意，于诸印度建立伽蓝，既旌圣迹，又擅高名，福资先王，恩及后嗣。”曰：“斯事甚美，闻之何晚？”于是以国中重宝献印度王。王既纳贡，义存怀远，谓使臣曰：“我今将何持报来命？”使臣曰：“僧伽罗王稽首印度大吉祥王！大王威德远振，惠泽遐被。下土沙门，钦风慕化，敢游上国，展敬圣迹，寓诸伽蓝，莫之见馆，艰辛已极，蒙耻而归。窃图远谋，贻范来叶，于诸印度建一伽蓝，使客游乞士，息肩有所，两国交欢，行人无替。”王曰：“如来潜化，遗风斯在，圣迹之所，任取一焉。”使者奉辞报命，群臣拜贺，遂乃集诸沙门，评议建立。沙门曰：“菩提树者，去来诸佛咸此证圣，考之异议，无出此谋。”于是舍国珍宝，建此伽蓝，以其国僧而修供养，乃刻铜为记曰：“夫周给无私，诸佛至教；惠济有缘，先圣明训。今我小子，丕承王业，式建伽蓝，用旌圣迹，福资祖考，惠被黎元。唯我国僧而得自在，及有国人亦同僧例。传之后嗣，永永无穷。”故此伽蓝多执师子国僧也。18、菩提树南十余里，圣迹相邻，难以备举。每岁比丘解安居，四方法俗百千万众，七日七夜，持香花，鼓音乐，遍游林中，礼拜供养。印度僧徒依佛圣教，皆以室罗伐拿月前半一日入雨安居，当此五月十六日；以頞湿缚庾阇月后半十五日解雨安居，当此八月十五日。印度月名，依星而建，古今不易，诸部无差。良以方言未融，传译有谬，分时计月，致斯乖异，故以四月十六日入安居，七月十五日解安居也。
摩揭陁国（下）,印度比哈尔邦的巴特那和加雅两地,,,637,,637,,香象池、外道发恶愿处、佛陀伐那山及杖林、上茅宫城(旧王舍城)、鹫峰及佛迹、毗布罗山、迦兰陁竹园、王舍城、那烂陁僧伽蓝、拘理迦邑及目连故里、频毗娑罗王迎佛遗迹、迦罗臂拿迦邑及舍利子故里、帝释窟、孤山观自在像,,,,,,,,,,１．胜军故事 杖林中近有邬波索迦阇耶犀那者，(唐言胜军)。西印度刹帝利种也，志尚夷简，情悦出林，迹居幻境，心游真际，内外典籍，穷究幽微，辞论清高，仪范闲雅。诸沙门、婆罗门、外道异学、国王、大臣、长者、豪右，相趣通谒，伏膺请益。受业门人，十室而六。年渐七十，耽读不倦，余艺捐废，惟习佛经，策励身心，不舍昼夜。印度之法，香末为泥，作小窣堵波，高五六寸，书写经文，以置其中，谓之法舍利也。数渐盈积，建大窣堵波，总聚于内，常修供养。故胜军之为业也，口则宣说妙法，导诱学人，手乃作窣堵波，式崇胜福，夜又经行礼诵，宴坐思惟，寝食不遑，昼夜无怠。年百岁矣，志业不衰。三十年间，凡作七拘胝(唐言亿。)法舍利窣堵波。每满一拘胝，建大窣堵波，而总置中，盛修供养，请诸僧众，法会称庆。其时神光烛曜，灵异昭彰。自兹厥后，时放光明。2．阿素洛宫异事 石室西南隅有岩岫，印度谓之阿素洛(旧曰阿修罗，又曰阿须伦，又曰阿苏罗，皆讹也。)宫也。往有好事者，深闲咒术，顾俦命侣，十有四人，约契同志，入此岩岫。行三四十里，廓然大明，乃见城邑台观，皆是金银琉璃。是人至已，有诸少女伫立门侧，欢喜迎接，甚加礼遇。于是渐进至内城门，有二婢使各捧金盘，盛满花香，而来迎候。谓诸人曰：“宜就池浴，涂冠香花，已而后入，斯为美矣。唯彼术士，宜时速进。”余十三人遂即沐浴，即入池已，恍若有忘，乃坐稻田中，去此之北平川中，已三四十里矣。3. 舍利弗证果故事 伏醉象东北有窣堵波，是舍利子闻阿湿婆恃比丘(唐言马胜。)说法证果之处。初，舍利子在家也，高才雅量，见重当时，门生学徒，传以受业。此时将入王舍大城，马胜比丘亦方乞食。时舍利子遥见马胜，谓门生曰：“彼来者甚庠序，不证圣果。岂斯调寂？宜少伫待，观其进趣。”马胜比丘已证罗汉，心得自在，容止和雅，振锡来仪。舍利子曰：“长老善安乐耶？师何人，证何法，若此之悦豫乎？”马胜谓曰：“尔不知耶，净饭王太子舍转轮王位，悲愍六趣，苦行六年，证三菩提，具一切智，是吾师也。夫法者，非有非空，难用诠叙，惟佛与佛乃能究述，岂伊愚昧所能详议？”因为颂说，称赞佛法，舍利子闻已，便获果证。4. 胜密火坑故事 舍利子证果北不远，有大深坑，傍建窣堵波，是室利毱多(唐言胜密。)以火坑、毒饭欲害佛处。胜密者，宗信外道，深着邪见。诸梵志曰：“乔答摩国人尊敬，遂令我徒无所恃赖，汝今可请至家饭会，门穿大坑，满中纵火，栈以朽木，覆以燥土。凡诸饭食，皆杂毒药，若免火坑，当遭毒食。”胜密承命，便设毒会。城中之人皆知胜密于世尊所起恶害心，咸皆劝请，愿佛勿往。世尊告曰：“无得怀忧。如来之身，物莫能害。”于是受请而往。足履门阃，火坑成池，清澜澄鉴，莲花弥漫。胜密见已，忧惶无措，谓其徒曰：“以术免火，尚有毒食。”世尊饭食已讫，为说妙法，胜密闻已，谢咎归依。5. 卑钵罗石室及比丘习定故事 温泉西有卑钵罗石室，世尊在昔恒居其中。后壁洞穴是阿素洛宫也。习定比丘多居此室，时出怪异，龙、蛇、师子之形，见之者心发狂乱。然斯圣地，灵圣所止，蹑迹钦风，忘其灾祸。近有比丘，戒行贞洁，心乐幽寂，欲于此室匿迹习定。或有谏曰：“勿往彼也。彼多灾异，为害不少，既难取定，亦恐丧身。宜鉴前事，勿贻后悔。”比丘曰：“不然。我方志求佛果，摧伏天魔，若此之害，夫何足言？”便即振锡而往室焉。于是设坛场，诵禁咒。旬日之后，穴出少女，谓比丘曰：“尊者染衣守戒，为含识归依，修慧习定，作生灵善导。而今居此，惊骇我曹。如来之教，岂若是耶？”比丘曰：“我守净戒，遵圣教也。匿迹山谷，远喧杂也。忽此见讥，其咎安在？”对曰：“尊者诵咒声发，火从外入，烧我居室，苦我枝属。唯愿悲愍，勿复诵咒。”比丘曰：“诵咒自护，非欲害物。往者，行人居此习定，期于圣果，以济幽涂，睹怪惊骇，丧弃身命，汝之辜也。其何辞乎？”对曰：“罪障既重，智慧斯浅。自今已来，屏居守分，亦愿尊者勿诵神咒。”比丘于是修定如初，安静无害。
伊烂拿钵伐多国,印度比哈尔邦的孟格尔（Monghyr）,,周三千余里,637,1年,638,学习《毗婆沙顺正理》等经典,比丘出生之塔，小孤山佛遗迹,,,小乘,佛寺十多所，天祠二十多所，外道信徒混杂居住,四千多人,,风俗淳朴,,适宜耕种，花果繁多，气候和顺,1. 二百亿比丘故事 三佛经行西不远，有窣堵波，是室缕多频设底拘胝(唐言闻二百亿。旧译曰亿耳，谬也。)苾刍生处。昔此城有长者，豪贵巨富，晚有继嗣，时有报者，辄赐金钱二百亿，因名其子闻二百亿。洎乎成立，未曾履地，故其足跖毛长尺余，光润细软，色若黄金。珍爱此儿，备诸玩好，自其居家以至雪山，亭传边隅，童仆交路，凡须妙药，递相告语，转而以授，曾不逾时。其豪富如此。世尊知其善根将发，因命没特伽罗子往化焉。既至门下，莫由自通。长者家祠日天，每晨朝时东向以拜。是时尊者以神通力，从日轮中降立于前。长者子疑日天也，因施香饭而归，其饭香气遍王舍城。时频毗娑罗王骇其异馥，命使历问，乃竹林精舍没特伽罗子自长者家持来。因知长者子有此奇异，乃使召焉。长者承命，思何安步：泛舟鼓棹，有风波之危；乘车驭象，惧蹎蹶之患。于是自其居家，至王舍城，凿渠通漕，流满芥子，御舟安止，长縆以引。至王舍城，先礼世尊。世尊告曰：“频毗娑罗王命使召汝，无过欲见足下毛耳。王欲观者，宜结跏坐。伸脚向王，国法当死。”长者子受诲而往，引入廷谒。王欲视毛，乃跏跌坐，王善其有礼，特深珍爱。亦既得归，还至佛所。如来是时说法诲喻，闻而感悟，遂即出家。于是精勤修习，思求果证，经行不舍。足遂流血。世尊告曰：“汝善男子，在家之时知鼓琴耶？”曰：“知。”“若然者，以此为喻，。弦急则声不合韵，弦缓则调不和雅。非急非缓，其声乃和。夫修行者亦然。急则身疲心怠，缓则情舒志逸。”承佛指教，奉以周旋，如是不久，便获果证。
瞻波国,,,周四十余里,638,,638,,,,,小乘,佛寺数十所，不少已经废毁灭；天祠二十多所，外道信徒混杂居住,二百多人,,风俗淳朴,,土地卑湿，庄稼繁茂，气候温暖炎热，风俗淳朴,
羯朱嗢祇罗国,印度比哈尔邦东部的拉其马哈（Rajmaha）,,周二千余里,638,,638,,,,,,佛寺六七所，天祠十多所，外道信徒混杂居住,三百多人,,风俗和顺，尊敬才能出众者，崇尚学问技艺,,土地湿润多水，庄稼丰茂，气候温暖，,
奔那伐弹那国,博格勒城（Bogra）以北约12公里的摩诃斯坦（Mahasthan),,周四千余里,638,,638,,跋适婆寺，无忧王建造的塔,,,大小二乘,佛寺二十多所，不少已经废毁灭；天祠百所，外道信徒混杂居住,三千多,,风俗好学,,土地低下潮湿，庄稼繁茂，气候顺畅,
迦摩缕波国,阿萨姆邦西部（都城：阿萨姆邦的高哈蒂Gauhati）,,周万余里,638,,638,,,,与中印度有差异,性格粗暴，志在苦学，信封天神，不信佛法,尚未建立寺庙、招集僧众；有天祠数百所，外道数万人,,,风俗淳朴,河流湖泊交错于城镇之间,土地低湿，庄稼按时耕种；气候温和顺畅,1、拘摩罗王招请 今王本那罗延天之祚胤，婆罗门之种也，字婆塞羯罗伐摩，(唐言日胄。)号拘摩罗。(唐言童子。)自据疆土，奕叶君临，逮于今王，历千世矣。君上好学，众庶从化，远方高才，慕义客游。虽不淳信佛法，然敬高学沙门。初，闻有至那国沙门在摩揭陁那烂陁僧伽蓝，自远方来，学佛深法，殷勤往复者再三，未从来命。时尸罗跋陁罗论师曰：“欲报佛恩，当弘正法，子其行矣，勿惮远涉。拘摩罗王世宗外道，今请沙门，斯善事也。因兹改辙，福利弘远。子昔起广大心，发弘誓愿，孤游异域，遗身求法，普济含灵，岂徒乡国？宜忘得丧，勿拘荣辱，宣扬圣教，开导群迷，先物后身，忘名弘法。”于是辞不获免，遂与使偕行，而会见焉。拘摩罗王曰：“虽则不才，常慕高学，闻名雅尚，敢事延请。”曰：“寡能褊智，猥蒙流听。”拘摩罗王曰：“善哉！慕法好学，顾身若浮，逾越重险，远游异域。斯则王化所由，国风尚学。今印度诸国多有歌颂摩诃至那国《秦王破阵乐》者，闻之久矣，岂大德之乡国耶？”曰：“然。此歌者，美我君之德也。”拘摩罗王曰：“不意大德是此国人，常慕风化，东望已久，山川道阻，无由自致。”曰：“我大君圣德远洽，仁化遐被，殊俗异域拜阙称臣者众矣。”拘摩罗王曰：“覆载若斯，心冀朝贡。今戒日王在羯朱嗢祇罗国，将设大施，崇树福慧，五印度沙门、婆罗门有学业者，莫不召集。今遣使来请，愿与同行。”于是遂往焉。
三摩呾吒国,孟加拉国达卡西南的柯密拉（Gomilla）西约20公里,,周三千余里,638,,638,,,,,佛教外教都有人信,佛寺三十多所；天祠一百多所,两千多人,,风俗温顺,,土地低湿，庄稼遍种，花果繁盛，气候和畅,
室利差呾罗国,缅甸伊洛瓦底江畔骠蔑（Prome）附近,,,638,,638,,,,,,,,,,,,
迦摩浪迦国,,,,638,,638,,,,,,,,,,,,
堕罗钵底国,泰国古都Ayuthya,,,638,,638,,,,,,,,,,,,
伊赏那补罗国,柬埔寨,,,638,,638,,,,,,,,,,,,
摩诃瞻波国,越南南部,,,638,,638,,,,,,,,,,,,
阎摩那洲国,爪哇、苏门答腊一带,,,638,,638,,,,,,,,,,,,
耽摩栗底国,西孟加拉邦米德纳普尔县（Midnapur Dist）的塔姆鲁克（Tamluk）附近,,周千四五百里,638,,638,,,,,邪正兼信,伽蓝十余所，僧众千余人。天祠五十余所，异道杂居。,千余人,,,,滨近海垂，土地卑湿。稼穑时播，花果茂盛。气序温暑，风俗躁烈。,
羯罗拿苏伐剌那国,西孟加拉邦穆尔昔达巴德县（Murshidabad）的罗杰巴底登迦（Rajbadidanga）,,周四千四五百里,638,,638,,,,,小乘正量部法,伽蓝十余所，僧徒二千余人，习学小乘正量部法。天祠五十余所，异道寔多。,二千余人,,,,土地下湿，稼穑时播。众花滋茂，珍果繁植。气序调畅，风俗淳和。,赤泥僧伽蓝
乌荼国,印度奥里萨邦北部一带（都城：奥里萨邦布巴内斯瓦尔Burbaneswar之南约11公里的陀武里村Dhauli）,,周七千余里,638,,638,,补涩波祇厘僧伽蓝，折利呾罗城,,,大乘佛法,伽蓝百余所，僧徒万余人，并皆习学大乘法教。天祠五十所，异道杂居。,,,,,土地膏腴，谷稼茂盛。凡诸果实，颇大诸国，异草名花，难以称述。气序温暑,
恭御陁国,印度奥里萨邦的甘贾姆县北部,,周千余里,638,,638,,,,至于文字，同中印度，语言风调，颇有异焉,崇敬外道，不信佛法,天祠百余所，异道万余人,,,,,滨近海隅，山阜隐轸，土地垫湿，稼穑时播。气序温暑，风俗勇烈,
羯陵伽国,甘占海岸以南哥达瓦里河下游一带,,周五千余里,638,,638,,,,言语轻捷，音调质正，辞旨风则，颇与中印度异焉,少信正法，多遵外道,伽蓝十余所,僧徒五百余人，学大乘上座部法，天祠百余所，异道甚众，多是尼乾之徒也。,,风俗躁暴，情多狷犷，志存信义,,气序暑热,
㤭萨罗国,哥达瓦里河上游的东北部地区,,周六千余里,638,,638,,,,,大乘法教,伽蓝百余所，天祠七十余所，异道杂居。,减万人，并皆习学大乘法教,,,山岭周境，林薮连接；土壤膏腴，地利滋盛,,1. 龙猛自刎故事 龙猛菩萨善闲药术，餐饵养生，寿年数百，志貌不衰，引正王既得妙药，寿亦数百。王有稚子，谓其母曰：“如我何时得嗣王位？”母曰：“以今观之，未有期也。父王年寿已数百岁，子孙老终者盖亦多矣。斯皆龙猛福力所加，药术所致。菩萨寂灭，王必殂落。夫龙猛菩萨智慧弘远，慈悲深厚，周给群有，身命若遗。汝宜往彼，试从乞头，若遂此志，当果所愿。”王子恭承母命，来至伽蓝，门者惊惧，故得入焉。时龙猛菩萨方赞诵经行，忽见王子，伫而谓曰：“今夕何夕，降迹僧坊，若危若惧，疾驱来至？”对曰：“我承兹母余论，语及行舍之士，以为含生宝命，经语格言，未有轻舍报身，施诸求欲。我慈母曰：‘不然。十方善逝、三世如来，在昔发心，逮乎证果，勤求佛道，修习戒忍，或投身饲兽，或割肌救鸽，月光王施婆罗门头，慈力王饮饿药叉血，诸若此类，羌难备举。求之先觉，何代无人？今龙猛菩萨笃斯高志。’我有所求，人头为用，招募累岁，未之有舍。欲行暴劫杀，则罪累尤多，虐害无辜，秽德彰显。唯菩萨修习圣道，远期佛果，慈沾有识，惠及无边，轻身若浮，视身如朽，不违本愿，垂允所求！”龙猛曰：“俞，诚哉是言也！我求佛圣果，我学佛能舍，是身如响，是身如泡，流转四生，去来六趣，宿契弘誓，不违物欲。然王子，有一不可者，其将若何？我身既终，汝父亦丧，顾斯为意，谁能济之？”龙猛徘徊顾视，求所绝命，以干茅叶自刎其颈，若利剑断割，身首异处。王子见已，惊奔而去。门者上白，具陈始末，王闻哀感，果亦命终。
案达罗国,印度安德拉邦北部，哥达瓦里河与克里希那河之间,,周三千余里,638,,638,,阿折罗罗汉伽蓝,,语言辞调异中印度，至于文字，轨则大同,,伽蓝二十余所，天祠三十余所，异道寔多,三千余人,,风俗猛暴,土地良沃，稼穑丰盛,气序温暑,1、陈那与因明论 所行罗汉伽蓝西南行二十余里，至孤山。山岭有石窣堵波，陈那(唐言童授。)菩萨于此作《因明论》。陈那菩萨者，佛去世后，承风染衣。智愿广大，慧力深固，愍世无依，思弘圣教。以为因明之论，言深理广，学者虚功，难以成业，乃匿迹幽岩，栖神寂定，观述作之利害，审文义之繁约。是时崖谷震响，烟云变采，山神捧菩萨高数百尺，唱如是言：“昔佛世尊善权导物，以慈悲心，说《因明论》，综括妙理，深究微言。如来寂灭，大义泯绝。今者，陈那菩萨福智悠远，深达圣旨，因明之论，重弘兹日。”菩萨乃放大光明，照烛幽昧。时此国王深生尊敬，见此光明相，疑入金刚定，因请菩萨证无生果。陈那曰：“吾入定观察，欲释深经，心期正觉，非愿无生果也。”王曰：“无生之果，众圣欣仰，断三界欲，洞三明智，斯盛事也，愿疾证之。”陈那是时心悦王请，方欲证受无学圣果。时妙吉祥菩萨知而惜焉，欲相警诫，乃弹指悟之，而告曰：“惜哉！如何舍广大心，为狭劣志，从独善之怀，弃兼济之愿？欲为善利，当广传说慈氏菩萨所制《瑜伽师地论》，导诱后学，为利甚大。”陈那菩萨敬受指诲，奉以周旋。于是覃思沈研，广因明论。犹恐学者惧其文微辞约也，乃举其大义，综其微言，作《因明论》，以导后进。自兹已后，宣畅瑜伽盛业，门人有知当世。
驮那羯磔迦囯,安得拉邦中部克里希那河Krishna下游,,周六千余里,638,,638,,东山西山二僧伽蓝,,,多习学大众部法,伽蓝鳞次，荒芜已甚，存者二十余所；天祠百余所，异道寔多,千余人,,,土地膏腴，稼穑殷盛,气序温暑,1. 清辩故事 城南不远有大山岩，婆毗吠伽(唐言清辩。)论师住阿素洛宫待见慈氏菩萨成佛之处。论师雅量弘远，至德深邃，外示僧佉之服，内弘龙猛之学。闻摩揭陁国护法菩萨宣扬法教，学徒数千，有怀谈议，杖锡而往。至波吒厘城，知护法菩萨在菩提树，论师乃命门人曰：“汝行诣菩提树护法菩萨所，如我辞曰：‘菩萨宣扬遗教，导诱迷徒，仰德虚心，为日已久。然以宿愿未果，遂乖礼谒。菩提树者，誓不空见，见当有证，称天人师。’”护法菩萨谓其使曰：“人世如幻，身命若浮，渴日勤诚，未遑谈议。”人信往复，竟不会见。论师既还本土，静而思曰：“非慈氏成佛，谁决我疑？”于观自在菩萨像前诵《随心陀罗尼》，绝粒饮水，时历三岁。观自在菩萨乃现妙色身，谓论师曰：“何所志乎？”对曰：“愿留此身，待见慈氏。”观自在菩萨曰：“人命危脆，世间浮幻，宜修胜善，愿生睹史多天，于斯礼觐，尚速待见。”论师曰：“志不可夺，心不可贰。”菩萨曰：“若然者，宜往驮那羯磔迦国城南山岩执金刚神所，至诚诵持《执金刚陀罗尼》者，当遂此愿。”论师于是往而诵焉。三岁之后，神乃谓曰：“伊何所愿，若斯勤励？”论师曰：“愿留此身，待见慈氏。观自在菩萨指遣来请，成我愿者，其在神乎？”神乃授秘方，而谓之曰：“此岩石内有阿素洛宫，如法行请，石壁当开，开即入中，可以待见。”论师曰：“幽居无睹，讵知佛兴？”执金刚曰：“慈氏出世，我当相报。”论师受命，专精诵持，复历三岁，初无异想，咒芥子以击石岩壁，豁而洞开。是时百千万众观睹忘返，论师跨其户而告众曰：“吾久祈请，待见慈氏，圣灵警祐，大愿斯遂，宜可入此，同见佛兴。”闻者怖骇，莫敢履户，谓是毒蛇之窟，恐丧身命。再三告语，惟有六人从入。论师顾谢时众，从容而入。入之既已，石壁还合，众皆嗟怨，恨前言之过也。
珠利耶国,印度安得拉邦东南部佩内尔河Penner河口及以南一带,,周二千四五百里,638,,638,,,,,崇信外道,伽蓝颓毁，粗有僧徒。天祠数十所，多露形外道也,,,风俗奸宄，人性犷烈,土野空旷，薮泽荒芜,气序温暑,1. 提婆遗事 城西不远有故伽蓝，提婆菩萨与罗汉论议之处。初，提婆菩萨闻此伽蓝有嗢呾罗(唐言上。)阿罗汉，得六神通，具八解脱，遂来远寻，观其风范。既至伽蓝，投罗汉宿。罗汉少欲知足，唯置一床。提婆既至，无以为席，乃聚落叶，指令就坐。罗汉入定，夜分方出。提婆于是陈疑请决，罗汉随难为释，提婆寻声重质，第七转已，杜口不酬，窃运通神力，往睹史多天请问慈氏。慈氏为释，因而告曰：“彼提婆者，旷劫修行，贤劫之中，当绍佛位，非尔所知，宜深礼敬。”如弹指顷，还复本座，乃复抑扬妙义，剖析微言。提婆谓曰：“此慈氏菩萨圣智之释也，岂仁者所能详究哉？”罗汉曰：“然，诚如来旨。”于是避席礼谢，深加敬叹。
达罗毗荼国,印度安得拉邦南部及泰米尔纳德邦北部,,周六千余里,638,,638,,,,语言文字，少异中印度,上座部法,伽蓝百余所；天祠八十余所，多露形外道也,万余人,,风俗勇烈,土地沃壤，稼穑丰盛，多花果，出宝物,气序温暑,1、护法遗事 建志补罗城者，即达磨波罗(唐言护法。)菩萨本生之城。菩萨此国大臣之长子也，幼怀雅量，长而弘远。年方弱冠，王姬下降。礼筵之夕，忧心惨凄，对佛像前殷勤祈请。至诚所感，神负远遁，去此数百里，至山伽蓝，坐佛堂中。有僧开户，见此少年，疑其盗也，更诘问之。菩萨具怀指告，因请出家。众咸惊异，遂允其志。王乃宣命，推求遐迩，乃知菩萨神负远尘。王之知也，增深敬异。自染衣已，笃学精勤，令问风范，语在前记。
秣罗矩吒国,印度泰米尔约德的马杜赖（Madura）,,周五千余里,638,,638,游览龙猛菩萨、陈那菩萨清辩论师、提婆菩萨等先贤的遗迹，并学习《集量论》《根本阿毗达磨》,秣剌耶山、布呾落迦山,,,,伽蓝故基，寔多余址，存者既少，僧徒亦寡。天祠数百，外道甚众，多露形之徒也。,,,志性刚烈，邪正兼崇。不尚游艺，唯善逐利,土田舄卤，地利不滋,气序炎热,
僧伽罗国,斯里兰卡,,周七千余里,638,,638,,佛牙精舍,,,伽蓝数百所，僧徒二万余人，遵行大乘上座部法。佛教至后二百余年，各擅专门，分成二部：一曰摩诃毗诃罗住部，斥大乘，习小教,,,,其形卑黑，其性犷烈。好学尚德，崇善勤福。,土地沃壤，稼穑丰盛，多花果，出宝物,气序温暑，稼穑时播，花果具繁,1、执师子传说 此国本宝渚也，多有珍宝，栖止鬼神。其后南印度有一国王，女娉邻国，吉日送归，路逢师子，侍卫之徒弃女逃难，女在舆中，心甘丧命。时师子王负女而去，入深山，处幽谷，捕鹿采果，以时资给。既积岁月，遂孕男女，形貌同人，性种畜也。男渐长大，力格猛兽。年方弱冠，人智斯发，请其母曰：“我何谓乎？父则野兽，母乃是人，既非族类，如何配偶？”母乃述昔事以告其子。子曰：“人畜殊途，宜速逃逝。”母曰：“我先已逃，不能自济。”其子于后逐师子父，登山逾岭，察其游止，可以逃难。伺父去已，遂担负母妹，下趋人里。母曰：“宜各慎密，勿说事源，人或知闻，轻鄙我等。”于是至父本国，国非家族，宗祀已灭。投寄邑人，人谓之曰：“尔曹何国人也？”曰：“我本此国，流离异域，子母相携，来归故里。”人皆哀愍，更共资给。其师子王还无所见，追恋男女，愤恚既发，便出山谷，往来村邑，咆哮震吼，暴害人物，残毒生类，邑人辄出，遂取而杀。击鼓吹贝，负弩持矛，群从成旅，然后免害。其王惧仁化之不洽也，乃纵猎者，期于擒获。王躬率四兵，众以万计，掩薄林薮，弥跨山谷。师子震吼，人畜辟易。既不擒获，寻复招募，其有擒执师子除国患者，当酬重赏，式旌茂绩。其子闻王之令，乃谓母曰：“饥寒已甚，宜可应募，或有所得，以相抚育。”母曰：“言不可若是！彼虽畜也，犹谓父焉，岂以艰辛，而兴逆害？”子曰：“人畜异类，礼义安在？既以违阻，此心何冀？”乃袖小刀，出应招募。是时千众万骑，云屯雾合，师子踞在林中，人莫敢近。子即其前，父遂驯伏，于是乎亲爱忘怒，乃剚刃于腹中，尚怀慈爱，犹无忿毒，乃至刳腹，含苦而死。王曰：“斯何人哉，若此之异地？”诱之以福利，震之以威祸，然后具陈始末，备述情事。王曰：“逆哉！父而尚害，况非亲乎？畜种难驯，凶情易动。除民之害，其功大矣；断父之命，其心逆矣。重赏以酬其功，远放以诛其逆，则国典不亏，王言不贰。”于是装二大船，多储粮糗。母留在国，周给赏功，子女各从一舟，随波飘荡。其男船泛海至此宝渚，见丰珍玉，便于中止。其后商人采宝，复至渚中，乃杀其商主，留其子女。如是繁息，子孙众多，遂立君臣，以位上下，建都筑邑，据有疆域。以其先祖擒执师子，因举元功，而为国号。其女船者，泛至波剌斯西，神鬼所魅，产育群女，故今西大女国是也。故师子国人形貌卑黑，方颐大颡，情性犷烈，安忍鸩毒，斯亦猛兽遗种。故其人多勇健。斯一说也。2、僧伽罗传说 佛法所记，则曰：昔此宝洲大铁城中，五百罗刹女之所居也。城楼之上竖二高幢，表吉凶之相，有吉事吉幢动，有凶事凶幢动。恒伺商人至宝洲者，便变为美女，持香花，奏音乐，出迎慰问，诱入铁城，乐燕会已，而置铁牢中，渐取食之。时赡部洲有大商主僧伽者，其子字僧伽罗。父既年老，代知家务，与五百商人入海采宝，风波飘荡，遇至宝洲。时罗刹女望吉幢动，便赍香花，鼓奏音乐，相携迎候，诱入铁城。商主于是对罗刹女王欢娱乐会，自余商侣，各相配合，弥历岁时，皆生一子。诸罗刹女情疏故人，欲幽之铁牢，更伺商侣。时僧伽罗夜感恶梦，知非吉祥，窃求归路，遇至铁牢，乃闻悲号之声。遂升高树，问曰：“谁相拘絷，而此怨伤？”曰：“尔不知耶？城中诸女，并是罗刹，昔诱我曹入城娱乐。君既将至，幽牢我曹，渐充所食，今已太半，君等不久亦遭此祸。”僧伽罗曰：“当图何计，可免危难？”对曰：“我闻海滨有一天马，至诚祈请，必相济渡。”僧伽罗闻已，窃告商侣，共往海滨，专精求救。是时天马来告人曰：“尔辈各执我毛鬛，不回顾者，我济汝曹，越海免难，至赡部洲，吉达乡国。”诸商人奉指告，专一无贰，执其髦鬛。天马乃腾骧云路，越济海岸。诸罗刹女忽觉夫逃，遂相告语，异其所去，各携稚子凌虚往来。知诸商人将出海滨，遂相召命，飞行远访。尝未逾时，遇诸商侣，悲喜俱至，涕泪交流，各掩泣而言曰：“我惟感遇，幸会良人，室家有庆，恩爱已久，而今远弃，妻子孤遗，悠悠此心，谁其能忍？幸愿留顾，相与还城。”商人之心未肯回虑，诸罗刹女策说无功，遂纵妖媚，备行娇惑。商侣爱恋，情难堪忍，心疑去留，身皆退堕。罗刹诸女更相拜贺，与彼商人携持而去。僧伽罗者，智慧深固，心无滞累，得越大海，免斯危难。时罗刹女王空还铁城，诸女谓曰：“汝无智略，为夫所弃，既寡艺能，宜勿居此。”时罗刹女王持所生子，飞至僧伽罗前，纵极媚惑，诱请令还。僧伽罗口诵神咒，手挥利剑，叱而告曰：“汝是罗刹，我乃是人，人鬼异路，非其匹合。若苦相逼，当断汝命。”罗刹女知诱惑之不遂也，凌虚而去，至僧伽罗家，谓其父僧伽曰：“我是某国王女，僧伽娶我为妻，生一子矣，赍持宝货，来还乡国。泛海遭风，舟楫漂没，惟我子母及僧伽罗，仅而获济。山川道阻，冻馁艰辛，一言忤意，遂见弃遗，詈言不逊，骂为罗刹。归则家国辽远，止则孤遗羁旅。进退无依，敢陈情事。”僧伽曰：“诚如所言，宜时即入室。”居未久，僧伽罗至。父谓之曰：“何重财宝，而轻妻子？”僧伽罗曰：“此罗刹女也。”则以先事具白父母，而亲宗戚属咸事驱逐。时罗刹女遂以诉王，王欲罪僧伽罗。僧伽罗曰：“罗刹之女，情多妖惑。”王以为不诚也，而情悦其淑美，谓僧伽罗曰：“必弃此女，今留后宫。”僧伽罗曰：“恐为灾祸。斯既罗刹，食唯血肉。”王不听僧伽罗之言，遂纳为妻。其后夜分，飞还宝渚，召余五百罗刹鬼女共至王宫，以毒咒术残害宫中，凡诸人畜，食肉饮血，持其余尸，还归宝渚。旦日群臣朝集，王门闭而不开，候听久之，不闻人语。于是排其户，辟其门，相从趋讲，遂至宫庭，阒其无人，惟有骸骨。群官僚佐相顾失图，悲号恸哭，莫测祸源。僧伽罗具告始末，臣庶信然，祸自招矣。于是国辅、老臣、群官、宿将，历问明德，推据崇高，咸仰僧伽罗之福智也，乃相议曰：“夫君人者，岂苟且哉？先资福智，次体明哲，非福智无以享宝位，非明哲何以理机务？僧伽罗者，斯其人矣。梦察祸机，感应天马，忠以谏主，智足谋身。历运在兹，惟新成咏。”众庶乐推，尊立为王。僧伽罗辞不获免，允执其中，恭揖群官，遂即王位。于是沿革前弊，表式贤良。乃下令曰：“吾先商侣在罗刹国，死生莫测，善恶不分。今将救难，宜整兵甲，拯危恤患，国之福也；收珍藏宝，国之利也。”于是治兵，浮海而往。时铁城上凶幢遂动，诸罗刹女睹而惶怖，便纵妖媚，出迎诱诳。王素知其诈，令诸兵士口诵神咒，身奋武威。诸罗刹女蹎坠退败，或逃隐孤岛，或沈溺洪流。于是毁铁城，破铁牢，救得商人，多获珍宝。招募黎庶，迁居宝洲，建都筑邑，遂有国焉。因以王名而为国号。僧伽罗者，即释迦如来本生之事也。3. 俯首佛像传说 佛牙精舍侧有小精舍，亦以众宝而为莹饰。中有金佛像，此国先王等身而铸，肉髻则贵宝饰焉。其后有盗，伺欲窃取，而重门周槛，卫守清切。盗乃凿通孔道，入精舍而穴之，遂欲取宝，像渐高远。其盗既不果求，退而叹曰：“如来在昔修菩萨行，起广大心，发弘誓愿，上自身命，下至国城，悲愍四生，周给一切。今者，如何遗像吝宝？静言于此，不明昔行。”佛乃俯首而授宝焉。是盗得已，寻持货卖，人或见者，咸谓之曰：“此宝乃先王金佛像顶髻宝也，尔从何获，来此鬻卖？”遂擒以白王。王问所从得，盗曰：“佛自与我，我非盗也。”王以为不诚，命使观验，像犹俯首。王睹圣灵，信心淳固，不罪其人，重赎其宝，庄严像髻，重置顶焉。像因俯首，以至于今。
恭建那补罗国,印度西南部果阿地区以西通加巴德腊河流域,,周五千余里,638,,638,,王宫城侧有大伽蓝，多罗树林,多罗树林树叶,,大小二乘兼功综习,伽蓝百余所，僧徒万余人；天祠数百，异道杂居。,,,风俗躁烈，形貌黧黑，情性犷暴。好学业，尚德艺,土地膏腴，稼穑滋盛,气序温暑,
摩诃剌诧国,印度孟买西北的纳西克（Nasik）,,周六千余里,638,,638,,阿折罗伽蓝,,,人知好学，邪正兼崇；大小二乘兼功综习,伽蓝百余所；天祠百所，异道甚多。,五千余人,,风俗淳质；其形伟大，其性傲逸，有恩必报，有怨必复。人或凌辱，殉命以雠，窘急投分，忘身以济。将复怨也，必先告之，各披坚甲，然后争锋。临阵逐北，不杀已降。兵将失利，无所刑罚，赐之女服，感激自死。国养勇士，有数百人，每将决战，饮酒酣醉，一人摧锋，万夫挫锐。遇人肆害，国刑不加，每出游行，击鼓前导。复饲暴象，凡数百头，将欲阵战，亦先饮酒，群驰蹈践，前无坚敌。,土地沃壤，稼穑殷盛,气序温暑,
跋禄羯呫婆国,纳巴达河口的布罗奇（Broach）,,周二千四五百里,638,,638,,,,,大乘上座部法,伽蓝十余所,二百余人,,土俗浇薄，人性诡诈，不知学艺，邪正兼信,土地咸卤，草木稀疏,气序暑热，回风飙起,
摩腊婆国,中央邦马尔瓦（Malwa）到孟买邦卡奇湾（Gulf of Cutch）一带,,周六千余里,638,,638,,,,,小乘正量部法,伽蓝数百所,二百余人,,人性善顺，大抵聪敏，言辞雅亮，学艺优深,土地膏腴，稼穑殷盛，草木荣茂,,1. 戒日王遗事 国志曰：六十年前，王号尸罗阿迭多，(唐言戒日。)机慧高明，才学赡敏，爱育四生，敬崇三宝。始自诞灵，洎乎没齿，貌无瞋色，手不害生。象马饮水，漉而后饲，恐伤水性也。其仁慈如此。在位五十余年，野兽狎人，举国黎庶咸不杀害。居宫之侧建立精舍，穷诸工巧，备尽庄严，中作七佛世尊之像。每岁恒设无遮大会，招集四方僧徒，修施四事供养，或以三衣道具，或以七宝珍奇。奕世相承，美业无替。 2、贤爱破邪论故事 大城西北二十余里，至婆罗门邑，旁有陷坑，秋夏淫滞，弥淹旬日，虽纳众流，而无积水。其旁又建小窣堵波。闻诸先志曰：昔者大慢婆罗门生身陷入地狱之处。昔此邑中，有婆罗门，生知博物，学冠时彦，内外典籍，究极幽微，历数玄文，若视诸掌，风范清高，令闻遐被。王甚珍敬，国人宗重。门人千数，味道钦风。每自言曰：“吾为世出，述圣导凡，先贤后哲，无与我比。彼大自在天、婆薮天、那罗延天、佛世尊者，人皆风靡，祖述其道，莫不图形，竞修祗敬。我今德逾于彼，名擅于时，不有所异，其何以显？”遂用赤旃檀刻作大自在天、婆薮天、那罗延天、佛世尊等像，为座四足，凡有所至，负以自随。其慢傲也如此。时西印度有苾刍跋陁罗缕支。(唐言贤爱。)妙极因明，深穷异论，道风淳粹，戒香郁烈，少欲知足，无求于物，闻而叹曰：“惜哉！时无人矣。令彼愚夫，敢行凶德。”于是荷锡远游，来至此国，以其宿心，具白于王。王见弊眼，心未之敬，然高其志，强为之礼。遂设论座，告婆罗门。婆罗门闻而笑曰：“彼何人斯，敢怀此志？”命其徒属，来就论场，数百千众，前后侍听。贤爱服弊故衣，敷草而坐。彼婆罗门踞所持座，非斥正法，敷述邪宗。苾刍清辩若流，循环往复，婆罗门久而谢屈。王乃谓曰：“久滥虚名，罔上惑众，先典有记，论负当戮。”欲以炉铁，令其坐上。婆罗门窘迫，乃归命求救。贤爱愍之，乃请王曰：“大王仁化远洽，颂声载途，当布慈育，勿行残酷，恕其不逮，唯所去就。”王令乘驴，巡告城邑。婆罗门耻其戮辱，发愤欧血。苾刍闻已，往慰之曰：“尔学苞内外，声闻遐迩，荣辱之事，进退当明。夫名者，何实乎？”婆罗门愤恚，深詈苾刍，谤毁大乘，轻蔑先圣。言声未静，地便拆裂，生身坠陷，遗迹斯在。
契吒国,卡奇地区（Cutch）,摩腊婆国,周三千余里,638,,638,,,,,大小二乘，兼功习学,伽蓝十余所,千余人,,,,,
伐腊毗国,卡提阿瓦半岛（Kathiawar）,,周六千余里,638,,638,,阿折罗伽蓝,,,小乘正量部法,"伽蓝百余所；天祠数百，异道寔多。

",六千余人,,同摩腊婆国,,气序所宜,
阿难陁补罗国,卡提阿瓦半岛东北，沙巴马提河（Sabarmati）上游以西的瓦特纳加尔（Vadnagar）及附近一带,摩腊婆国,周二千余里,638,,638,,郁鄯多山,,同摩腊婆国,小乘正量部法,伽蓝十余所；天祠数十，异道杂居,减千人,,同摩腊婆国,同摩腊婆国,同摩腊婆国,
苏剌侘国,卡提阿瓦半岛南部卡奇湾上,伐腊毗国,周四千余里,638,,638,,郁鄯多山,,,大乘上座部法,伽蓝五十余所；天祠百余所，异道杂居,三千余人,,土俗浇薄，人性轻躁。不好学艺，邪正兼信,地土咸卤，花果稀少,寒暑虽均，风飘不静,
瞿折罗国,印度拉贾斯坦邦一带,,周五千余里,638,,638,,,,,多事外道，少信佛法；小乘法教说一切有部,伽蓝一所；天祠数十，异道杂居,百余人,,同苏剌侘国,同苏剌侘国,同苏剌侘国,
邬阇衍那国,印度中央邦西部（都城：中央邦南部的乌贾因（Ujjain）,,周六千余里,638,,638,,,,,大小二乘，兼功习学,伽蓝数十所，多以圮坏，存者三五；天祠数十，异道杂居,三百余人,,同苏剌侘国,同苏剌侘国,同苏剌侘国,
掷枳陁国,印度中央邦北部的彭德尔甘德（Bundelkhand）地区,,周四千余里,638,,638,,,,,多信外道，少敬佛法,伽蓝数十；天祠十余所，外道千余人,少有,,,土称沃壤，稼穑滋植，宜菽麦，多花果,气序调畅，人性善顺,
摩醯湿伐罗补罗国,印度拉贾斯坦邦东部的瓜廖尔（Gwalior）一带,,周三千余里,638,,638,,,,,宗敬外道，不信佛法,天祠数十，多是涂灰之侣,,,同邬阇衍那国,同邬阇衍那国,同邬阇衍那国,
信度国,巴基斯坦旁遮普省的西南部一带,,周七千余里,638,,638,,,宜谷稼，丰宿麦，出金、银、鍮石，宜牛、羊、橐駞、骡畜之属,,学不好博，深信佛法；小乘正量部法,伽蓝数百所；天祠三十余所，异道杂居。,万余人,,人性刚烈而质直，数斗诤，多诽讟；法服俗行户,,,
茂罗三部户国,巴基斯坦旁遮普省的中部,,周四千余里,638,,638,,,,,多事天神，少信佛法,"伽蓝十余所，多已圮坏；祠八所，异道杂居。

",少有僧徒，学无专习,,风俗质直，好学尚德,土田良沃，气序调顺,,
钵伐多国,巴基斯坦旁遮普省的哈拉巴（Harappa）,磔迦国,周五千余里,638,2年,640,,城侧大伽蓝,,,学艺深博，邪正杂信；大小二乘，兼功习学,伽蓝十余所；天祠二十，异道杂居,僧徒千余人,,,风俗质直，人性躁急，言含鄙辞,气序调适,
阿点婆翅罗国,巴基斯坦南部印度河口一带,,周五千余里,638,,638,,大自在天祠及佛遗迹,,语言微异中印度,多学小乘正量部法,伽蓝八十余所；天祠十所，多是涂灰外道之所居止,五千余人,,,地下湿，土斥卤，秽草荒茂，畴垄少垦，谷稼虽备，宿麦特丰,气序微寒，风飙劲烈,
狼揭罗国,巴基斯坦俾路支（Paluchistan）省东南部一带,波剌斯国,东西南北各数千里,638,,638,,大自在天祠,,文字大同印度，语言少异,邪正兼信；大小二乘兼功习学,伽蓝百余所；天祠数百所，涂灰外道，其徒极众,六千余人,,同阿点婆翅罗国,土地沃润，稼穑滋盛,同阿点婆翅罗国,
波剌斯国,伊朗,,周数万里,638,,638,,鹤秣城，西女国,金、银、鍮石、颇胝、水精、奇珍异宝，工织大锦、细褐、氍毹之类，多善马、橐驼,文字、语言异于诸国,小乘教说一切有部法,天祠甚多，提那跋外道之徒为所宗也；伽蓝二三,数百,大银钱,人性躁暴，俗无礼义,川土既多，气序亦异，大抵温也。,川土既多，气序亦异，大抵温也。,
臂多势罗国,巴基斯坦信德省南部,信度国,周三千余里,638,,638,,窣堵波，故伽蓝,,异中印度,小乘正量部法,伽蓝五十余所；天祠二十余所，并涂灰外道也,三千余人,,风俗犷暴,土地沙卤,寒风凄劲,
阿軬荼囯,巴基斯坦信德省北部,信度国,周二千四五百里,638,,638,,,,,小乘正量部法,伽蓝二十余所；天祠五所，并涂灰外道地,二千余人,,人性犷烈,土宜稼穑，宿麦特丰，花果少，草木疏,气序风寒,
伐剌拿国,巴基斯坦西北边境省的班努（Bannu）一带,,周四千余里,644,,644,,,,语言少同中印度,大乘法教,伽蓝数十，荒圮已多；天祠五所，多涂灰外道也,三百余人,,风俗犷烈,地多山林，稼穑时播,气序微寒,
漕矩吒国,阿富汗东部的加兹尼,,周七千余里,644,,644,,,,文字言辞，异于诸国,大乘法教,伽蓝数百所,万余人,,人性轻躁，情多诡诈。好学艺，多伎术，聪而不明，日诵数万言,山川隐轸，畴垄爽垲,气序寒烈，霜雪繁多,
弗栗恃萨傥那国,阿富汗喀布尔河流域,,东西二千余里，南北千余里,644,,644,,婆罗犀那大岭,,,唯修神祠，少信佛法；大众部法,伽蓝三所,数十,,同漕矩吒国,,气序劲寒,
安呾罗缚国,卡瓦克山口以西的印达拉布,突阙,周三千余里,644,,644,,,,,,伽蓝三所,鲜少,,,山阜连属，川田隘狭,气序寒烈，风雷凄劲,
阔悉多国,阿富汗东北部阿姆河上游支流霍斯特（Khost）河流域,突厥,周减千里,644,,644,,,,,,,,,,山多川狭,风而且寒,
活国,阿富汗东部的昆都士（Qunduz）附近,突厥,周二千余里,644,,644,,,,,多信三宝，少事诸神；大小二乘兼功综习,伽蓝十余所,数百人,,风俗淳质,土地平坦，谷稼时播，草木荣茂，花果具繁,气序和畅,
瞢建国,昆都士以东约65公里处的塔利汗（Talikhan）,突厥,周四百余里,644,,644,,,,,,,,,大同活国,大同活国,,
阿利尼国,哈兹拉特·伊芒（Hazrat Imam）附近,,周三百余里,644,,644,,,,,,,,,大同活国,大同活国,,
曷逻胡国,阿富汗东北部阿姆河与科克查河之间,,周二百余里,644,,644,,,,,,,,,大同活国,大同活国,,
讫栗瑟摩国,阿富汗东北部的基希姆（Kishm）地区,,东西千余里，南北三百余里,644,,644,,,,,,,,,大同活国；其人性暴，愚恶有异,大同活国,,
钵利曷国,基希姆以北的科克查河畔,,东西百余里，南北三百余里,644,,644,,,,,,,,,大同讫栗瑟摩国,大同讫栗瑟摩国,,
呬摩呾罗国,兴都库什山之北，靠近阿姆河的主要源头,,周三千余里,644,,644,,,,,,,,,人性暴急，不识罪福，形貌鄙陋。举措威仪，衣毡皮褐，颇同突厥,山川逦迤，土地沃壤，宜谷稼，多宿麦，百卉滋茂，众果具繁,气序寒烈,
钵铎创那国,阿富汗东北部的巴达赫尚省地区，兴都库什山脉最高处,,周二千余里,644,,644,,,土宜菽麦，多蒲萄、胡桃、梨、奈等果,,,伽蓝三四所,寡少,,人性刚猛，俗无礼法，不知学艺,山川逦迤，沙石弥漫,气序寒烈,
淫薄健国,科克查（Kokcha）河谷地,,周千余里,644,,644,,,,,,,,,人性之差，同钵铎创那,山岭连属，川田隘狭；土地所产同钵铎创那,气序所宜同钵铎创那,
屈浪拿国,科克查河最上游的一段河谷,,周二千余里,644,,644,,,,,,伽蓝既少,寡,,俗无法度，人性鄙暴，多不营福，少信佛法,同淫薄健国,同淫薄健国,
达摩悉铁帝国,阿富汗东北部通向中国的瓦罕走廊,,东西千五六百里，南北广四五里，狭则不逾一里,644,,644,,昏驮多城伽蓝,善马,,,伽蓝十余所,寡少,,,临缚刍河，盘纡曲折，堆阜高下，沙石流漫,寒风凄烈,
尸弃尼国,舒格南（Shighnan）地区,,周二千余里,644,,644,,,,文字同睹货逻国，语言有异,,,,,风俗犷勇，忍于杀戮，务于盗窃，不知礼义，不识善恶，迷未来祸福，惧现世灾殃,山川连属，沙石遍野,气序寒烈,
商弥国,巴基斯坦北部的奇特拉尔（Citral）和马斯图吉（Mastuj）之间,,周二千五六百里,644,,644,,波谜罗川,谷稼备植，菽麦弥丰，多蒲萄。出雌黄,文字同睹货逻国，语言别异,,,,,风俗急；人性淳质，俗无礼义，智谋寡狭，伎能浅薄,山川相间，堆阜高下,气序寒,
朅盘陁国,叶尔羌河上游的塔什库尔干（Tashqurgan）城，塔什库尔干塔吉克自治县治所,,周二千余里,644,,644,,童受伽蓝,,文字语言，大同佉沙国,知淳信，敬崇佛法；小乘教说一切有部,伽蓝十余所,五百余人,,,岭连属，川原隘狭,,1. 建国传说 今王淳质，敬重三宝，仪容闲雅，笃志好学。建国以来，多历年所。其自称云是至那提婆瞿呾罗。(唐言汉日天种。)此国之先，葱岭中荒川也。昔波利剌斯国王娶妇汉土，迎归至此。时属兵乱，东西路绝，遂以王女置于孤峰，极危峻，梯崖而上，下设周卫，警昼巡夜。时经三月，寇贼方静，欲趋归路，女已有娠。使臣惶惧，谓徒属曰：“王命迎妇，属斯寇乱，野次荒川，朝不谋夕。吾王德感，妖气已静。今将归国，王妇有娠。顾此为忧，不知死地。宜推首恶，或以后诛。”讯问喧哗，莫究其实。时彼待儿谓使臣曰：“勿相尤也，乃神会耳。每日正中，有一丈夫从日轮中乘马会此。”使臣曰：“若然者，何以雪罪？归必见诛，留亦来讨，进退若是，何所宜行？”佥曰：“斯事不细，谁就深诛？待罪境外，且推旦夕。”于是即石峰上筑宫起馆，周三百余步。环宫筑城，立女为主，建官垂宪。至期产男，容貌妍丽。母摄政事，子称尊号。飞行虚空，控驭风云，威德遐被，声教远洽，邻域异国，莫不称臣。其王寿终，葬在此城东南百余里大山岩石室中。其尸干腊，今犹不坏，状羸瘠人，俨然如睡，时易衣服，恒置香花。子孙奕世，以迄于今。以其先祖之世，母则汉土之人，父乃日天之种，故其自称汉日天种。然其王族，貌同中国，首饰方冠，身衣胡服。后嗣陵夷，见迫强国。
乌铩国,新疆莎车,朅盘陁国,周千余里,644,,644,,,多出杂玉，则有白玉、黳玉、青玉,文字、语言少同伎佉沙国,敬奉佛法；小乘教说一切有部,伽蓝十余所,减千人,,俗寡礼义，人性刚犷，多诡诈，少廉耻,地土沃壤，稼穑殷盛，林树郁茂，花果具繁,气序和，风雨顺,1、罗汉出定神变传说 城西二百余里至大山，山气巃嵸，触石兴云，崖隒峥嵘，将崩未坠。其巅窣堵波，郁然奇制也。闻诸土俗曰：数百年前，山崖崩圮，中有苾刍，瞑目而坐，躯量伟大，形容枯槁，须发下垂，被肩蒙面。有田猎者见已白王，王躬观礼。都人士子，不召而至，焚香散花，竞修供养。王曰：“斯何人哉？若此伟也！”有苾刍对曰：“此须发垂长而被服袈裟，乃入灭心定阿罗汉也。夫入灭心定者，先有期限，或言闻犍椎声，或言待日光照，有兹警察，便从定起。若无警察，寂然不动，定力持身，遂无坏灭。段食之体，出定便谢。宜以酥油灌注，令得滋润，然后鼓击，警悟定心。”王曰：“俞乎！”乃击犍椎。其声才振，而此罗汉豁然高视，久之，乃曰：“尔辈何人？形容卑小，被服袈裟？”对曰：“我苾刍也。”曰：“然，我师迦叶波如来今何所在？”对曰：“入大涅槃，其来已久。”闻而闭目，怅若有怀，寻重问曰：“释迦如来出兴世耶？”对曰：“诞灵导世，已从寂灭。”闻复俯首，久之乃起，升虚空，现神变，化火焚身，遗骸坠地。王收其骨，起窣堵波。
佉沙国,喀什地区,,周五千余里,644,,644,,,细毡褐,文字，取则印度，虽有删讹，颇存体势。语言辞调，异于诸国,淳信佛法；小乘教说一切有部；诵通三藏及《毗婆沙》者多矣,伽蓝数百所,万余人,,人性犷暴，俗多诡诈，礼义轻薄，学艺肤浅,多沙碛，少壤土,气候和畅，风雨顺序,
斫句迦国,新疆叶城县,,周千余里,644,,644,,,,文字同瞿萨旦那国，言语有异,大乘教,伽蓝数十，毁坏已多,百余人,,人躁暴，俗唯诡诈，公行劫盗,山阜连属，砾石弥漫,时风寒,
瞿萨旦那国,新疆和田地区,,周四千余里,644,,644,,毗卢折那伽蓝，瞿室饣夌伽山，地迦婆缚那伽蓝，勃伽夷城，沙摩若僧伽蓝，麻射僧伽蓝，古战场，媲摩城雕檀佛像，尼壤城,氍毹细毡，工纺绩絁，又产白玉、黳玉,语异诸国,崇尚佛法；大乘法教,伽蓝百有余所,五千余人,,俗知礼义，人性温恭,沙碛太半，壤土隘狭,气序和畅，飘风飞埃,"1、建国传说 王甚骁武，敬重佛法，自云毗沙门天之祚胤也。昔者，此国虚旷无人，毗沙门天子此栖止。无忧王太子在呾叉始罗国被抉目，已无忧王怒谴辅佐，迁其豪族，出雪山北，居荒谷间。迁人逐牧，至此西界，推举酋豪，尊立为王。当是时也，东土帝子蒙谴流徙，居此东界，群下劝进，又自称王。岁月已积，风教不通。各因田猎，遇会荒泽，便问宗绪，因而争长。忿形辞语，便欲交兵。或有谏曰：“今可遽乎？因猎决战，未尽兵锋。宜归治兵，期而后集。”于是回驾而返，各归其国，校习戎马，督励士卒。至期兵会，旗鼓相望。旦日合战，西主不利，因而逐北，遂斩其首。东主乘胜，抚集亡国。迁都中地，方建城郭，忧其无土，恐难成功，宣告远近，谁识地理。时有涂炭外道，负大瓠，盛满水而自进曰：“我知地理。”遂以其水屈曲遗流，周而复始，因即疾驱，忽而不见。依彼水迹，峙其基堵，遂得兴工，即斯国治，今王所都于此城也。城非崇峻，攻击难克，自古已来，未能有胜。其王迁都作邑，建国安人，功绩已成，齿耋云暮，未有胤嗣，恐绝宗绪。乃往毗沙门天神所，祈祷请嗣。神像额上，剖出婴孩，捧以回驾，国人称庆。既不饮乳，恐其不寿，录诣神祠，重请育养。神前之地忽然隆起，其状如乳，神童饮吮，遂至成立。智勇光前，风教遐被，遂营神祠，宗先祖也。自兹已降，奕世相承，传国君临，不失其绪。故今神庙多诸珍宝，拜祠享祭，无替于时。地乳所育，因为国号。2. 鼠壤坟传说 王城西百五六十里，大沙碛正路中，有堆阜，并鼠壤坟也。闻之土俗曰：此沙碛中，鼠大如猬，其毛则金银异色，为其群之酋长，每出穴游止，则群鼠为从。昔者，匈奴率数十万众，冠略边城，至鼠坟侧屯军，时瞿萨旦那王率数万兵，恐力不敌，素知碛中鼠奇，而未神也。洎乎冠至，无所求救，君臣震恐，莫知图计，苟复设祭，焚香请鼠，冀其有灵，少加军力。其夜瞿萨旦那王梦见大鼠曰：“敬欲相助，愿早治兵。旦日合战，必当克胜。”瞿萨旦那王知有灵祐，遂整戎马，申令将士，未明而行，长驱掩袭。匈奴之闻也，莫不惧焉，方欲驾乘被铠，而诸马鞍、人服、弓弦、甲縺，凡厥带系，鼠皆啮断。兵寇既临，面缚受戮。于是杀其将，虏其兵，匈奴震慑，以为神灵所祐也。瞿萨旦那王感鼠厚恩，建祠设祭，奕世遵敬，特深珍异。故上自君王，下至黎庶，咸修祀祭，以求福祐。行次其穴，下乘而趋，拜以致敬，祭以祈福。或衣服弓矢，或香花肴膳，亦既输诚，多蒙福利。若无享祭，则逢灾变。3. 龙鼓传说 城东南百余里有大河，西北流，国人利之，以用溉田。其后断流，王深怪异。于是命驾问罗汉僧曰：“大河之水，国人取给，今忽断流，其咎安在？为政有不平，德有不洽乎？不然，垂谴何重也？”罗汉曰：“大王治国，政化清和。河水断流，龙所为耳。宜速祠求，当复昔利。”王因回驾，祠祭河龙。忽有一女凌波而至，曰：“我夫早丧，主命无从。所以河水绝流，农人失利。王于国内选一贵臣，配我为夫，水流如昔。”王曰：“敬闻，任所欲耳。”龙遂目悦国之大臣。王既回驾，谓群下曰：“大臣者，国之重镇；农务者，人之命食。国失镇则危，人绝食则死。危、死之事，何所宜行？”大臣越席，跪而对曰：“久已虚薄，谬当重任。常思报国，未遇其时。今而预选，敢塞深责。苟利万姓，何吝一臣？臣者国之佐，人者国之本，愿大王不再思也。幸为修福，建僧伽蓝。”王允所求，功成不日。其臣又请早入龙宫，于是举国僚庶，鼓乐饮饯。其臣乃衣素服，乘白马，与王辞诀，敬谢国人。驱马入河，履水不溺，济乎中流，麾鞭画水，水为中开，自兹没矣。顷之，白马浮出，负一旃檀大鼓，封一函书。其书大略曰：“大王不遗细微，谬参神选，愿多营福，益国滋臣。以此大鼓，悬城东南，若有寇至，鼓先声震。”河水遂流，至今利月。岁月浸远，龙鼓久无。旧悬之处，今仍有鼓。池侧伽蓝，荒圮无僧。

"
